Timestamp,X,Y,Z
2026-04-07 23:26:45.244,-220,-191,171
2026-04-07 23:26:45.294,-266,5,180
2026-04-07 23:26:45.391,-298,214,156
2026-04-07 23:26:45.392,-347,379,131
2026-04-07 23:26:45.392,-472,494,162
2026-04-07 23:26:45.440,-625,699,201
2026-04-07 23:26:45.489,-652,825,268
2026-04-07 23:26:45.538,-616,887,285
2026-04-07 23:26:45.586,-560,941,380
2026-04-07 23:26:45.635,-549,680,309
2026-04-07 23:26:45.635,-482,622,217
2026-04-07 23:26:45.734,-415,557,207
2026-04-07 23:26:45.735,-378,349,294
2026-04-07 23:26:45.780,-266,170,265
2026-04-07 23:26:45.879,-159,57,152
2026-04-07 23:26:45.879,-199,17,171
2026-04-07 23:26:45.881,-381,-90,334
2026-04-07 23:26:45.926,-466,-101,183
2026-04-07 23:26:45.977,-318,-549,-200
2026-04-07 23:26:46.025,-27,-704,-215
2026-04-07 23:26:46.074,39,-752,-331
2026-04-07 23:26:46.173,77,-817,-379
2026-04-07 23:26:46.174,47,-800,-308
2026-04-07 23:26:46.174,23,-799,-178
2026-04-07 23:26:46.222,1,-772,-112
2026-04-07 23:26:46.270,-67,-701,-47
2026-04-07 23:26:46.322,-133,-682,9
2026-04-07 23:26:46.323,-186,-657,79
2026-04-07 23:26:46.367,-159,-560,158
2026-04-07 23:26:46.416,-102,-449,279
2026-04-07 23:26:46.465,-85,-258,277
2026-04-07 23:26:46.513,-105,-15,319
2026-04-07 23:26:46.562,-169,254,318
2026-04-07 23:26:46.563,-220,405,264
2026-04-07 23:26:46.609,-275,513,228
2026-04-07 23:26:46.660,-348,553,225
2026-04-07 23:26:46.708,-463,658,202
2026-04-07 23:26:46.758,-569,826,67
2026-04-07 23:26:46.805,-509,956,-72
2026-04-07 23:26:46.806,-398,994,-45
2026-04-07 23:26:46.854,-343,1000,-23
2026-04-07 23:26:46.905,-398,667,155
2026-04-07 23:26:46.953,-420,361,304
2026-04-07 23:26:47.001,-496,257,328
2026-04-07 23:26:47.051,-683,116,420
2026-04-07 23:26:47.051,-832,134,152
2026-04-07 23:26:47.099,-775,-609,-53
2026-04-07 23:26:47.147,146,-976,-81
2026-04-07 23:26:47.197,-35,-914,-392
2026-04-07 23:26:47.242,153,-904,-434
2026-04-07 23:26:47.243,85,-711,40
2026-04-07 23:26:47.293,101,-723,-15
2026-04-07 23:26:47.342,159,-684,-184
2026-04-07 23:26:47.390,107,-644,-75
2026-04-07 23:26:47.440,-40,-607,45
2026-04-07 23:26:47.489,-167,-446,125
2026-04-07 23:26:47.489,-266,-265,198
2026-04-07 23:26:47.537,-402,-98,262
2026-04-07 23:26:47.585,-509,83,223
2026-04-07 23:26:47.634,-621,265,165
2026-04-07 23:26:47.683,-744,512,162
2026-04-07 23:26:47.731,-736,819,-45
2026-04-07 23:26:47.731,-678,958,-56
2026-04-07 23:26:47.781,-485,1035,3
2026-04-07 23:26:47.829,-405,936,162
2026-04-07 23:26:47.879,-473,772,188
2026-04-07 23:26:47.927,-568,726,67
2026-04-07 23:26:47.975,-566,647,202
2026-04-07 23:26:47.976,-486,534,247
2026-04-07 23:26:48.024,-420,374,241
2026-04-07 23:26:48.071,-365,113,250
2026-04-07 23:26:48.121,-408,4,334
2026-04-07 23:26:48.171,-392,-103,280
2026-04-07 23:26:48.172,-363,-229,52
2026-04-07 23:26:48.218,-163,-488,-29
2026-04-07 23:26:48.268,23,-590,-133
2026-04-07 23:26:48.317,121,-722,-318
2026-04-07 23:26:48.366,121,-777,-376
2026-04-07 23:26:48.416,109,-751,-260
2026-04-07 23:26:48.417,94,-785,-251
2026-04-07 23:26:48.463,75,-732,-278
2026-04-07 23:26:48.513,19,-660,-258
2026-04-07 23:26:48.663,-70,-634,-272
2026-04-07 23:26:48.664,-131,-582,-184
2026-04-07 23:26:48.665,-92,-502,-82
2026-04-07 23:26:48.665,-116,-451,51
2026-04-07 23:26:48.712,-169,-290,170
2026-04-07 23:26:48.756,-236,-204,255
2026-04-07 23:26:48.803,-330,62,395
2026-04-07 23:26:48.852,-388,19,359
2026-04-07 23:26:48.902,-603,264,344
2026-04-07 23:26:48.902,-655,728,389
2026-04-07 23:26:48.949,-495,1001,392
2026-04-07 23:26:49.000,-338,945,174
2026-04-07 23:26:49.048,-355,798,252
2026-04-07 23:26:49.097,-373,687,253
2026-04-07 23:26:49.145,-374,754,155
2026-04-07 23:26:49.146,-359,667,220
2026-04-07 23:26:49.195,-348,403,340
2026-04-07 23:26:49.244,-318,184,386
2026-04-07 23:26:49.291,-289,69,332
2026-04-07 23:26:49.339,-378,-142,295
2026-04-07 23:26:49.340,-347,-354,264
2026-04-07 23:26:49.389,-257,-389,-35
2026-04-07 23:26:49.438,-27,-588,-325
2026-04-07 23:26:49.488,181,-656,-401
2026-04-07 23:26:49.535,257,-716,-409
2026-04-07 23:26:49.585,216,-680,-323
2026-04-07 23:26:49.586,179,-761,-357
2026-04-07 23:26:49.634,32,-776,-372
2026-04-07 23:26:49.683,-273,-763,-267
2026-04-07 23:26:49.732,-275,-497,-50
2026-04-07 23:26:49.780,-216,-259,77
2026-04-07 23:26:49.827,-338,-60,109
2026-04-07 23:26:49.827,-416,437,141
2026-04-07 23:26:49.876,-375,646,10
2026-04-07 23:26:49.927,-628,849,158
2026-04-07 23:26:49.978,-589,1123,208
2026-04-07 23:26:50.023,-416,1126,141
2026-04-07 23:26:50.072,-372,879,249
2026-04-07 23:26:50.073,-326,776,180
2026-04-07 23:26:50.120,-276,737,113
2026-04-07 23:26:50.169,-308,557,235
2026-04-07 23:26:50.219,-243,365,274
2026-04-07 23:26:50.265,-227,160,202
2026-04-07 23:26:50.266,-222,62,267
2026-04-07 23:26:50.365,-182,-38,285
2026-04-07 23:26:50.366,-134,-156,268
2026-04-07 23:26:50.412,-74,-304,268
2026-04-07 23:26:50.463,-44,-419,125
2026-04-07 23:26:50.514,13,-536,-67
2026-04-07 23:26:50.515,102,-646,-212
2026-04-07 23:26:50.559,202,-794,-337
2026-04-07 23:26:50.609,246,-823,-373
2026-04-07 23:26:50.658,196,-768,-358
2026-04-07 23:26:50.707,131,-762,-349
2026-04-07 23:26:50.755,11,-681,-330
2026-04-07 23:26:50.756,-56,-636,-236
2026-04-07 23:26:50.804,-50,-512,-44
2026-04-07 23:26:50.852,-104,-362,83
2026-04-07 23:26:50.900,-166,-152,168
2026-04-07 23:26:51.000,-243,89,274
2026-04-07 23:26:51.001,-256,351,243
2026-04-07 23:26:51.001,-333,418,39
2026-04-07 23:26:51.047,-467,699,80
2026-04-07 23:26:51.096,-428,839,55
2026-04-07 23:26:51.146,-370,1032,97
2026-04-07 23:26:51.192,-414,944,238
2026-04-07 23:26:51.193,-398,818,189
2026-04-07 23:26:51.243,-350,810,71
2026-04-07 23:26:51.289,-356,801,70
2026-04-07 23:26:51.339,-311,528,182
2026-04-07 23:26:51.389,-227,285,273
2026-04-07 23:26:51.436,-161,87,252
2026-04-07 23:26:51.436,-94,-55,213
2026-04-07 23:26:51.486,-147,-189,185
2026-04-07 23:26:51.536,-165,-387,86
2026-04-07 23:26:51.634,-122,-437,-47
2026-04-07 23:26:51.635,49,-584,-26
2026-04-07 23:26:51.680,193,-675,-63
2026-04-07 23:26:51.681,262,-701,-106
2026-04-07 23:26:51.728,236,-773,-140
2026-04-07 23:26:51.779,242,-816,-184
2026-04-07 23:26:51.826,209,-791,-193
2026-04-07 23:26:51.876,157,-740,-169
2026-04-07 23:26:51.925,54,-671,-145
2026-04-07 23:26:51.925,-16,-595,-96
2026-04-07 23:26:51.975,-39,-510,19
2026-04-07 23:26:52.021,-31,-397,118
2026-04-07 23:26:52.072,-62,-202,174
2026-04-07 23:26:52.120,-82,50,313
2026-04-07 23:26:52.168,-125,68,370
2026-04-07 23:26:52.169,-209,151,347
2026-04-07 23:26:52.217,-248,317,334
2026-04-07 23:26:52.266,-265,562,292
2026-04-07 23:26:52.315,-238,925,185
2026-04-07 23:26:52.361,-213,1013,211
2026-04-07 23:26:52.362,-245,896,274
2026-04-07 23:26:52.412,-220,780,185
2026-04-07 23:26:52.461,-195,713,162
2026-04-07 23:26:52.511,-199,610,232
2026-04-07 23:26:52.559,-165,449,277
2026-04-07 23:26:52.607,-129,275,373
2026-04-07 23:26:52.608,-92,138,377
2026-04-07 23:26:52.657,-83,46,371
2026-04-07 23:26:52.705,-83,-121,289
2026-04-07 23:26:52.753,-172,-290,241
2026-04-07 23:26:52.802,-191,-411,131
2026-04-07 23:26:52.900,-76,-528,-84
2026-04-07 23:26:52.901,85,-657,-172
2026-04-07 23:26:52.901,206,-791,-300
2026-04-07 23:26:52.948,210,-780,-327
2026-04-07 23:26:52.997,190,-783,-178
2026-04-07 23:26:53.046,116,-743,-117
2026-04-07 23:26:53.096,55,-690,-54
2026-04-07 23:26:53.096,-4,-600,10
2026-04-07 23:26:53.142,-13,-520,100
2026-04-07 23:26:53.193,-40,-379,198
2026-04-07 23:26:53.240,-80,-306,198
2026-04-07 23:26:53.290,-167,-68,216
2026-04-07 23:26:53.291,-236,126,199
2026-04-07 23:26:53.336,-274,361,185
2026-04-07 23:26:53.385,-320,532,150
2026-04-07 23:26:53.436,-355,874,74
2026-04-07 23:26:53.485,-284,1088,138
2026-04-07 23:26:53.533,-246,978,321
2026-04-07 23:26:53.582,-235,756,271
2026-04-07 23:26:53.582,-227,611,186
2026-04-07 23:26:53.630,-232,730,68
2026-04-07 23:26:53.679,-183,588,141
2026-04-07 23:26:53.727,-103,450,253
2026-04-07 23:26:53.778,-29,287,319
2026-04-07 23:26:53.779,9,111,334
2026-04-07 23:26:53.826,-45,41,359
2026-04-07 23:26:53.874,-107,-108,337
2026-04-07 23:26:53.924,-151,-258,180
2026-04-07 23:26:53.973,-245,-445,7
2026-04-07 23:26:54.022,-119,-569,-243
2026-04-07 23:26:54.023,95,-649,-415
2026-04-07 23:26:54.070,180,-733,-448
2026-04-07 23:26:54.119,166,-750,-351
2026-04-07 23:26:54.166,152,-798,-275
2026-04-07 23:26:54.266,129,-800,-276
2026-04-07 23:26:54.267,101,-787,-267
2026-04-07 23:26:54.267,3,-684,-248
2026-04-07 23:26:54.312,-87,-597,-204
2026-04-07 23:26:54.363,-104,-497,-99
2026-04-07 23:26:54.410,-106,-387,45
2026-04-07 23:26:54.459,-154,-249,-11
2026-04-07 23:26:54.507,-239,61,113
2026-04-07 23:26:54.508,-219,346,176
2026-04-07 23:26:54.556,-246,444,144
2026-04-07 23:26:54.604,-302,639,195
2026-04-07 23:26:54.705,-387,917,270
2026-04-07 23:26:54.707,-277,1187,240
2026-04-07 23:26:54.707,-186,1240,249
2026-04-07 23:26:54.751,-195,1005,165
2026-04-07 23:26:54.800,-181,789,137
2026-04-07 23:26:54.849,-169,528,192
2026-04-07 23:26:54.899,-150,245,265
2026-04-07 23:26:54.947,-195,66,273
2026-04-07 23:26:54.948,-222,-53,127
2026-04-07 23:26:54.997,-291,-238,125
2026-04-07 23:26:55.044,-325,-397,85
2026-04-07 23:26:55.095,-174,-718,-155
2026-04-07 23:26:55.143,170,-858,-479
2026-04-07 23:26:55.190,277,-939,-570
2026-04-07 23:26:55.191,140,-774,-336
2026-04-07 23:26:55.240,42,-678,-157
2026-04-07 23:26:55.289,-71,-592,-184
2026-04-07 23:26:55.338,-121,-466,-97
2026-04-07 23:26:55.385,-120,-309,74
2026-04-07 23:26:55.385,-85,-164,144
2026-04-07 23:26:55.435,-96,54,134
2026-04-07 23:26:55.483,-133,309,152
2026-04-07 23:26:55.532,-247,338,115
2026-04-07 23:26:55.582,-425,592,297
2026-04-07 23:26:55.629,-499,920,312
2026-04-07 23:26:55.629,-479,1033,358
2026-04-07 23:26:55.679,-460,950,379
2026-04-07 23:26:55.727,-345,839,321
2026-04-07 23:26:55.776,-221,851,202
2026-04-07 23:26:55.827,-176,882,109
2026-04-07 23:26:55.873,-227,570,219
2026-04-07 23:26:55.873,-248,165,253
2026-04-07 23:26:55.922,-285,-29,127
2026-04-07 23:26:55.970,-418,-224,36
2026-04-07 23:26:56.020,-513,-405,42
2026-04-07 23:26:56.068,-293,-448,-118
2026-04-07 23:26:56.116,-101,-631,-124
2026-04-07 23:26:56.116,87,-764,-191
2026-04-07 23:26:56.167,105,-859,-198
2026-04-07 23:26:56.214,81,-829,-184
2026-04-07 23:26:56.264,76,-786,-131
2026-04-07 23:26:56.313,93,-707,-154
2026-04-07 23:26:56.313,61,-687,-213
2026-04-07 23:26:56.361,-27,-604,-206
2026-04-07 23:26:56.460,-85,-547,-191
2026-04-07 23:26:56.507,-77,-488,-91
2026-04-07 23:26:56.508,-57,-430,68
2026-04-07 23:26:56.556,-43,-376,82
2026-04-07 23:26:56.556,-76,-8,173
2026-04-07 23:26:56.604,-120,41,207
2026-04-07 23:26:56.652,-201,274,208
2026-04-07 23:26:56.702,-282,560,246
2026-04-07 23:26:56.750,-273,896,300
2026-04-07 23:26:56.800,-143,1130,265
2026-04-07 23:26:56.801,-85,1233,301
2026-04-07 23:26:56.849,-132,1090,231
2026-04-07 23:26:56.946,-160,858,165
2026-04-07 23:26:56.947,-115,548,201
2026-04-07 23:26:56.994,-101,209,367
2026-04-07 23:26:57.045,-146,-26,364
2026-04-07 23:26:57.046,-149,-107,223
2026-04-07 23:26:57.092,-267,-208,79
2026-04-07 23:26:57.141,-371,-412,-53
2026-04-07 23:26:57.190,-176,-508,-303
2026-04-07 23:26:57.288,63,-592,-398
2026-04-07 23:26:57.289,194,-704,-561
2026-04-07 23:26:57.290,208,-714,-540
2026-04-07 23:26:57.334,181,-818,-318
2026-04-07 23:26:57.384,125,-787,-320
2026-04-07 23:26:57.433,30,-700,-276
2026-04-07 23:26:57.482,-25,-560,-210
2026-04-07 23:26:57.482,-54,-476,-57
2026-04-07 23:26:57.532,-8,-349,36
2026-04-07 23:26:57.580,-42,-213,88
2026-04-07 23:26:57.628,-59,-20,182
2026-04-07 23:26:57.678,-168,33,322
2026-04-07 23:26:57.725,-227,319,156
2026-04-07 23:26:57.726,-268,747,-70
2026-04-07 23:26:57.776,-207,1103,-57
2026-04-07 23:26:57.823,-183,1058,177
2026-04-07 23:26:57.872,-212,955,346
2026-04-07 23:26:57.920,-167,750,204
2026-04-07 23:26:57.970,-110,814,77
2026-04-07 23:26:58.018,-156,792,198
2026-04-07 23:26:58.019,-156,580,340
2026-04-07 23:26:58.068,-142,393,407
2026-04-07 23:26:58.116,-136,175,356
2026-04-07 23:26:58.165,-121,-20,183
2026-04-07 23:26:58.213,-198,-125,113
2026-04-07 23:26:58.213,-360,-431,-14
2026-04-07 23:26:58.262,-158,-544,-82
2026-04-07 23:26:58.312,91,-604,-230
2026-04-07 23:26:58.360,176,-834,-187
2026-04-07 23:26:58.408,161,-844,-121
2026-04-07 23:26:58.408,135,-789,-9
2026-04-07 23:26:58.507,90,-701,45
2026-04-07 23:26:58.508,71,-617,31
2026-04-07 23:26:58.554,13,-672,127
2026-04-07 23:26:58.604,-59,-531,177
2026-04-07 23:26:58.650,-60,-314,223
2026-04-07 23:26:58.651,-68,-147,261
2026-04-07 23:26:58.702,-127,-8,247
2026-04-07 23:26:58.749,-194,143,265
2026-04-07 23:26:58.797,-223,435,204
2026-04-07 23:26:58.895,-255,696,204
2026-04-07 23:26:58.896,-275,782,246
2026-04-07 23:26:58.896,-257,783,285
2026-04-07 23:26:58.943,-247,829,310
2026-04-07 23:26:58.994,-216,778,304
2026-04-07 23:26:59.041,-214,723,267
2026-04-07 23:26:59.091,-211,671,191
2026-04-07 23:26:59.140,-181,634,213
2026-04-07 23:26:59.140,-150,478,232
2026-04-07 23:26:59.189,-105,373,303
2026-04-07 23:26:59.236,-83,178,332
2026-04-07 23:26:59.286,-67,102,313
2026-04-07 23:26:59.335,-91,-5,312
2026-04-07 23:26:59.336,-146,-111,241
2026-04-07 23:26:59.383,-200,-277,232
2026-04-07 23:26:59.430,-203,-449,121
2026-04-07 23:26:59.481,13,-599,-276
2026-04-07 23:26:59.530,184,-819,-474
2026-04-07 23:26:59.578,154,-835,-385
2026-04-07 23:26:59.579,96,-801,-269
2026-04-07 23:26:59.626,50,-794,-282
2026-04-07 23:26:59.676,2,-698,-166
2026-04-07 23:26:59.723,-22,-563,-35
2026-04-07 23:26:59.777,-43,-429,55
2026-04-07 23:26:59.820,-96,-300,91
2026-04-07 23:26:59.821,-150,-54,118
2026-04-07 23:26:59.872,-204,150,150
2026-04-07 23:26:59.921,-298,220,118
2026-04-07 23:26:59.969,-441,451,217
2026-04-07 23:27:00.017,-543,1215,319
2026-04-07 23:27:00.065,-336,1153,298
2026-04-07 23:27:00.066,-310,1033,571
2026-04-07 23:27:00.115,-294,818,258
2026-04-07 23:27:00.164,-304,800,144
2026-04-07 23:27:00.212,-283,694,192
2026-04-07 23:27:00.261,-218,392,225
2026-04-07 23:27:00.261,-191,142,334
2026-04-07 23:27:00.310,-241,85,265
2026-04-07 23:27:00.357,-345,-23,141
2026-04-07 23:27:00.408,-398,-307,140
2026-04-07 23:27:00.455,-353,-398,141
2026-04-07 23:27:00.505,-125,-495,30
2026-04-07 23:27:00.506,3,-683,82
2026-04-07 23:27:00.553,87,-835,49
2026-04-07 23:27:00.601,99,-851,121
2026-04-07 23:27:00.650,93,-826,191
2026-04-07 23:27:00.750,63,-781,161
2026-04-07 23:27:00.751,3,-704,118
2026-04-07 23:27:00.751,-73,-607,124
2026-04-07 23:27:00.796,-156,-512,150
2026-04-07 23:27:00.847,-128,-392,182
2026-04-07 23:27:00.896,-103,-245,191
2026-04-07 23:27:00.942,-118,-90,173
2026-04-07 23:27:00.990,-159,49,152
2026-04-07 23:27:00.991,-227,253,196
2026-04-07 23:27:01.041,-350,595,231
2026-04-07 23:27:01.140,-343,1125,158
2026-04-07 23:27:01.141,-402,1106,315
2026-04-07 23:27:01.186,-406,1361,483
2026-04-07 23:27:01.187,-347,900,240
2026-04-07 23:27:01.236,-288,798,71
2026-04-07 23:27:01.286,-307,543,201
2026-04-07 23:27:01.334,-252,265,235
2026-04-07 23:27:01.383,-248,93,238
2026-04-07 23:27:01.431,-281,-50,165
2026-04-07 23:27:01.432,-418,-215,146
2026-04-07 23:27:01.479,-387,-445,219
2026-04-07 23:27:01.527,-88,-468,213
2026-04-07 23:27:01.578,34,-710,355
2026-04-07 23:27:01.625,59,-762,288
2026-04-07 23:27:01.675,65,-781,288
2026-04-07 23:27:01.676,73,-741,252
2026-04-07 23:27:01.724,60,-634,122
2026-04-07 23:27:01.773,9,-615,58
2026-04-07 23:27:01.871,-92,-562,100
2026-04-07 23:27:01.872,-141,-541,171
2026-04-07 23:27:01.918,-133,-425,255
2026-04-07 23:27:01.919,-116,-276,306
2026-04-07 23:27:01.967,-151,-93,276
2026-04-07 23:27:02.015,-219,87,288
2026-04-07 23:27:02.066,-333,197,297
2026-04-07 23:27:02.112,-389,557,222
2026-04-07 23:27:02.163,-365,838,201
2026-04-07 23:27:02.163,-261,1070,274
2026-04-07 23:27:02.210,-218,943,429
2026-04-07 23:27:02.261,-207,814,289
2026-04-07 23:27:02.309,-178,754,170
2026-04-07 23:27:02.358,-203,679,262
2026-04-07 23:27:02.359,-195,427,286
2026-04-07 23:27:02.406,-138,233,316
2026-04-07 23:27:02.456,-148,120,321
2026-04-07 23:27:02.505,-123,27,174
2026-04-07 23:27:02.553,-177,-113,199
2026-04-07 23:27:02.601,-212,-201,253
2026-04-07 23:27:02.601,-230,-234,286
2026-04-07 23:27:02.652,-193,-326,226
2026-04-07 23:27:02.699,-165,-517,264
2026-04-07 23:27:02.746,-123,-630,202
2026-04-07 23:27:02.796,-66,-822,144
2026-04-07 23:27:02.846,-71,-887,147
2026-04-07 23:27:02.846,-63,-869,192
2026-04-07 23:27:02.895,-65,-822,156
2026-04-07 23:27:02.942,-103,-715,89
2026-04-07 23:27:02.992,-159,-629,73
2026-04-07 23:27:03.040,-208,-573,71
2026-04-07 23:27:03.086,-173,-494,132
2026-04-07 23:27:03.087,-128,-367,231
2026-04-07 23:27:03.136,-98,-255,252
2026-04-07 23:27:03.187,-116,-110,250
2026-04-07 23:27:03.233,-160,79,270
2026-04-07 23:27:03.283,-208,227,267
2026-04-07 23:27:03.284,-261,552,315
2026-04-07 23:27:03.332,-245,964,250
2026-04-07 23:27:03.381,-101,1198,164
2026-04-07 23:27:03.429,-89,1063,295
2026-04-07 23:27:03.477,-92,807,196
2026-04-07 23:27:03.525,-124,706,198
2026-04-07 23:27:03.525,-188,461,343
2026-04-07 23:27:03.576,-164,355,350
2026-04-07 23:27:03.625,-164,231,353
2026-04-07 23:27:03.675,-213,55,298
2026-04-07 23:27:03.772,-294,-83,231
2026-04-07 23:27:03.774,-311,-405,98
2026-04-07 23:27:03.774,-115,-446,-234
2026-04-07 23:27:03.820,99,-589,-428
2026-04-07 23:27:03.869,190,-651,-392
2026-04-07 23:27:03.916,203,-738,-323
2026-04-07 23:27:03.966,207,-724,-331
2026-04-07 23:27:04.013,188,-735,-372
2026-04-07 23:27:04.014,130,-671,-312
2026-04-07 23:27:04.065,51,-581,-252
2026-04-07 23:27:04.113,0,-514,-126
2026-04-07 23:27:04.161,-20,-421,34
2026-04-07 23:27:04.210,-47,-327,106
2026-04-07 23:27:04.211,-74,-82,138
2026-04-07 23:27:04.259,-105,203,89
2026-04-07 23:27:04.307,-136,563,191
2026-04-07 23:27:04.356,-211,745,186
2026-04-07 23:27:04.405,-196,842,185
2026-04-07 23:27:04.454,-186,865,228
2026-04-07 23:27:04.454,-156,914,168
2026-04-07 23:27:04.502,-130,846,149
2026-04-07 23:27:04.551,-131,771,159
2026-04-07 23:27:04.600,-139,606,177
2026-04-07 23:27:04.648,-141,388,273
2026-04-07 23:27:04.697,-157,210,319
2026-04-07 23:27:04.697,-181,69,285
2026-04-07 23:27:04.746,-239,-157,222
2026-04-07 23:27:04.794,-190,-71,232
2026-04-07 23:27:04.843,-176,-80,355
2026-04-07 23:27:04.894,-228,-330,537
2026-04-07 23:27:04.940,-158,-421,534
2026-04-07 23:27:04.941,-69,-621,422
2026-04-07 23:27:04.989,-47,-700,411
2026-04-07 23:27:05.040,-50,-705,414
2026-04-07 23:27:05.088,-33,-694,416
2026-04-07 23:27:05.137,-63,-642,343
2026-04-07 23:27:05.185,-94,-606,332
2026-04-07 23:27:05.186,-139,-509,318
2026-04-07 23:27:05.233,-133,-379,312
2026-04-07 23:27:05.333,-91,-276,270
2026-04-07 23:27:05.334,-70,-125,234
2026-04-07 23:27:05.379,-93,-22,208
2026-04-07 23:27:05.380,-140,174,223
2026-04-07 23:27:05.429,-200,322,228
2026-04-07 23:27:05.478,-240,550,235
2026-04-07 23:27:05.525,-238,817,198
2026-04-07 23:27:05.576,-208,951,240
2026-04-07 23:27:05.624,-110,1019,328
2026-04-07 23:27:05.624,-102,854,286
2026-04-07 23:27:05.673,-89,860,49
2026-04-07 23:27:05.720,-178,851,82
2026-04-07 23:27:05.772,-259,612,205
2026-04-07 23:27:05.818,-256,303,265
2026-04-07 23:27:05.919,-281,137,285
2026-04-07 23:27:05.919,-460,27,180
2026-04-07 23:27:05.920,-659,-323,70
2026-04-07 23:27:05.966,-541,-397,-146
2026-04-07 23:27:06.014,-254,-506,-254
2026-04-07 23:27:06.062,-6,-699,-334
2026-04-07 23:27:06.110,7,-769,-206
2026-04-07 23:27:06.159,-5,-830,-103
2026-04-07 23:27:06.208,-8,-899,-136
2026-04-07 23:27:06.208,-14,-895,-146
2026-04-07 23:27:06.257,-59,-865,-123
2026-04-07 23:27:06.306,-130,-786,-94
2026-04-07 23:27:06.306,-190,-689,-53
2026-04-07 23:27:06.356,-148,-560,0
2026-04-07 23:27:06.401,-82,-390,88
2026-04-07 23:27:06.453,-18,-237,141
2026-04-07 23:27:06.501,-6,-55,161
2026-04-07 23:27:06.549,-5,-35,89
2026-04-07 23:27:06.549,-9,106,180
2026-04-07 23:27:06.599,-43,298,291
2026-04-07 23:27:06.649,-80,604,392
2026-04-07 23:27:06.697,-42,1087,256
2026-04-07 23:27:06.744,25,974,365
2026-04-07 23:27:06.793,15,808,522
2026-04-07 23:27:06.794,41,595,286
2026-04-07 23:27:06.841,29,620,174
2026-04-07 23:27:06.891,-7,597,265
2026-04-07 23:27:06.938,-4,426,365
2026-04-07 23:27:06.991,14,250,435
2026-04-07 23:27:07.036,-8,46,396
2026-04-07 23:27:07.036,-39,-58,344
2026-04-07 23:27:07.086,-121,-164,250
2026-04-07 23:27:07.135,-262,-375,141
2026-04-07 23:27:07.184,-318,-528,-109
2026-04-07 23:27:07.231,-101,-557,-446
2026-04-07 23:27:07.232,165,-735,-543
2026-04-07 23:27:07.281,193,-728,-391
2026-04-07 23:27:07.328,216,-763,-287
2026-04-07 23:27:07.377,172,-699,-302
2026-04-07 23:27:07.425,94,-633,-297
2026-04-07 23:27:07.474,30,-560,-248
2026-04-07 23:27:07.475,-16,-497,-123
2026-04-07 23:27:07.524,-18,-410,18
2026-04-07 23:27:07.574,-15,-360,104
2026-04-07 23:27:07.622,-14,-174,134
2026-04-07 23:27:07.672,-54,1,202
2026-04-07 23:27:07.720,-127,159,312
2026-04-07 23:27:07.721,-190,408,370
2026-04-07 23:27:07.768,-157,792,401
2026-04-07 23:27:07.817,-88,1030,457
2026-04-07 23:27:07.867,-64,745,579
2026-04-07 23:27:07.915,0,759,440
2026-04-07 23:27:07.963,7,803,250
2026-04-07 23:27:07.964,-48,703,225
2026-04-07 23:27:08.012,-41,488,240
2026-04-07 23:27:08.061,-30,322,241
2026-04-07 23:27:08.110,-73,130,258
2026-04-07 23:27:08.158,-101,37,235
2026-04-07 23:27:08.159,-170,-63,131
2026-04-07 23:27:08.207,-249,-315,71
2026-04-07 23:27:08.256,-320,-502,85
2026-04-07 23:27:08.306,-166,-515,-263
2026-04-07 23:27:08.354,10,-744,-458
2026-04-07 23:27:08.401,162,-756,-473
2026-04-07 23:27:08.401,176,-726,-305
2026-04-07 23:27:08.451,183,-671,-339
2026-04-07 23:27:08.499,165,-693,-397
2026-04-07 23:27:08.548,105,-647,-370
2026-04-07 23:27:08.597,56,-648,-282
2026-04-07 23:27:08.645,21,-597,-193
2026-04-07 23:27:08.695,-12,-510,-26
2026-04-07 23:27:08.696,-7,-387,101
2026-04-07 23:27:08.743,11,-253,147
2026-04-07 23:27:08.794,-34,-91,219
2026-04-07 23:27:08.840,-27,240,431
2026-04-07 23:27:08.889,7,-1,462
2026-04-07 23:27:08.890,-75,-118,429
2026-04-07 23:27:08.939,-211,443,750
2026-04-07 23:27:08.988,-36,989,650
2026-04-07 23:27:09.037,-43,810,786
2026-04-07 23:27:09.085,-6,607,567
2026-04-07 23:27:09.133,27,580,361
2026-04-07 23:27:09.134,-64,393,457
2026-04-07 23:27:09.183,-123,134,450
2026-04-07 23:27:09.230,-191,-85,396
2026-04-07 23:27:09.279,-205,-280,334
2026-04-07 23:27:09.329,-220,-278,247
2026-04-07 23:27:09.330,-301,-445,141
2026-04-07 23:27:09.377,-364,-509,-76
2026-04-07 23:27:09.426,-132,-666,-323
2026-04-07 23:27:09.473,83,-697,-337
2026-04-07 23:27:09.521,125,-713,-315
2026-04-07 23:27:09.570,132,-732,-270
2026-04-07 23:27:09.570,113,-734,-236
2026-04-07 23:27:09.621,63,-701,-218
2026-04-07 23:27:09.720,6,-662,-161
2026-04-07 23:27:09.721,14,-580,-84
2026-04-07 23:27:09.767,55,-520,51
2026-04-07 23:27:09.817,89,-439,98
2026-04-07 23:27:09.818,63,-368,204
2026-04-07 23:27:09.865,54,-210,259
2026-04-07 23:27:09.914,-59,-91,201
2026-04-07 23:27:09.964,-156,134,228
2026-04-07 23:27:10.010,-122,517,182
2026-04-07 23:27:10.061,-93,818,168
2026-04-07 23:27:10.062,-177,894,501
2026-04-07 23:27:10.108,-234,804,599
2026-04-07 23:27:10.158,-253,730,499
2026-04-07 23:27:10.207,-271,544,499
2026-04-07 23:27:10.256,-245,376,446
2026-04-07 23:27:10.257,-212,219,428
2026-04-07 23:27:10.304,-186,74,390
2026-04-07 23:27:10.351,-172,-92,291
2026-04-07 23:27:10.401,-123,-198,189
2026-04-07 23:27:10.450,-118,-384,60
2026-04-07 23:27:10.497,-132,-490,1
2026-04-07 23:27:10.497,-93,-625,-281
2026-04-07 23:27:10.548,71,-782,-455
2026-04-07 23:27:10.594,159,-815,-363
2026-04-07 23:27:10.645,149,-759,-261
2026-04-07 23:27:10.694,113,-720,-201
2026-04-07 23:27:10.744,67,-609,-163
2026-04-07 23:27:10.744,49,-588,-111
2026-04-07 23:27:10.790,2,-528,36
2026-04-07 23:27:10.839,-13,-426,97
2026-04-07 23:27:10.888,3,-290,156
2026-04-07 23:27:10.938,-8,-143,179
2026-04-07 23:27:10.985,-53,-37,152
2026-04-07 23:27:10.986,-129,97,115
2026-04-07 23:27:11.036,-267,313,229
2026-04-07 23:27:11.084,-468,658,404
2026-04-07 23:27:11.133,-467,994,499
2026-04-07 23:27:11.182,-289,948,495
2026-04-07 23:27:11.182,-266,803,520
2026-04-07 23:27:11.229,-289,758,365
2026-04-07 23:27:11.278,-313,660,295
2026-04-07 23:27:11.327,-291,494,277
2026-04-07 23:27:11.375,-219,370,243
2026-04-07 23:27:11.425,-188,175,267
2026-04-07 23:27:11.426,-186,5,264
2026-04-07 23:27:11.474,-95,-103,170
2026-04-07 23:27:11.520,-36,-342,132
2026-04-07 23:27:11.617,-272,-611,370
2026-04-07 23:27:11.620,-345,-542,250
2026-04-07 23:27:11.666,-14,-692,-163
2026-04-07 23:27:11.666,100,-884,-117
2026-04-07 23:27:11.718,63,-661,-100
2026-04-07 23:27:11.766,39,-612,-50
2026-04-07 23:27:11.815,-3,-538,18
2026-04-07 23:27:11.865,11,-493,97
2026-04-07 23:27:11.912,13,-402,155
2026-04-07 23:27:11.913,-34,-202,201
2026-04-07 23:27:11.962,-80,14,255
2026-04-07 23:27:12.060,-140,247,286
2026-04-07 23:27:12.061,-191,477,338
2026-04-07 23:27:12.107,-217,597,304
2026-04-07 23:27:12.156,-254,705,219
2026-04-07 23:27:12.157,-280,755,267
2026-04-07 23:27:12.255,-200,907,229
2026-04-07 23:27:12.256,-140,863,185
2026-04-07 23:27:12.301,-173,745,232
2026-04-07 23:27:12.351,-187,708,167
2026-04-07 23:27:12.351,-173,679,185
2026-04-07 23:27:12.400,-166,498,276
2026-04-07 23:27:12.449,-155,274,338
2026-04-07 23:27:12.497,-129,31,355
2026-04-07 23:27:12.547,-133,-38,332
2026-04-07 23:27:12.594,-164,-113,307
2026-04-07 23:27:12.595,-105,-197,244
2026-04-07 23:27:12.644,-6,-288,214
2026-04-07 23:27:12.692,60,-423,238
2026-04-07 23:27:12.741,55,-528,300
2026-04-07 23:27:12.790,66,-672,217
2026-04-07 23:27:12.839,86,-764,92
2026-04-07 23:27:12.840,100,-738,71
2026-04-07 23:27:12.888,68,-635,127
2026-04-07 23:27:12.937,27,-617,223
2026-04-07 23:27:12.985,-13,-532,286
2026-04-07 23:27:13.035,-5,-475,325
2026-04-07 23:27:13.082,-21,-318,347
2026-04-07 23:27:13.083,-23,-158,319
2026-04-07 23:27:13.132,-54,-56,261
2026-04-07 23:27:13.181,-148,155,267
2026-04-07 23:27:13.230,-191,417,237
2026-04-07 23:27:13.328,-221,507,207
2026-04-07 23:27:13.329,-277,562,162
2026-04-07 23:27:13.329,-337,764,258
2026-04-07 23:27:13.374,-266,825,326
2026-04-07 23:27:13.423,-232,766,362
2026-04-07 23:27:13.473,-223,760,410
2026-04-07 23:27:13.521,-240,728,304
2026-04-07 23:27:13.521,-252,667,332
2026-04-07 23:27:13.572,-236,450,365
2026-04-07 23:27:13.617,-232,177,352
2026-04-07 23:27:13.668,-157,35,273
2026-04-07 23:27:13.716,-82,-89,265
2026-04-07 23:27:13.763,-61,-210,210
2026-04-07 23:27:13.764,-66,-334,210
2026-04-07 23:27:13.812,-96,-466,182
2026-04-07 23:27:13.862,-62,-491,-67
2026-04-07 23:27:13.910,37,-602,-311
2026-04-07 23:27:13.959,138,-645,-398
2026-04-07 23:27:14.008,118,-616,-245
2026-04-07 23:27:14.008,128,-663,-121
2026-04-07 23:27:14.058,161,-699,-111
2026-04-07 23:27:14.107,102,-727,-75
2026-04-07 23:27:14.154,63,-699,19
2026-04-07 23:27:14.204,27,-637,79
2026-04-07 23:27:14.252,-4,-493,183
2026-04-07 23:27:14.253,-40,-298,235
2026-04-07 23:27:14.301,-101,-37,207
2026-04-07 23:27:14.350,-161,115,222
2026-04-07 23:27:14.400,-186,412,226
2026-04-07 23:27:14.448,-166,536,135
2026-04-07 23:27:14.449,-240,747,183
2026-04-07 23:27:14.497,-249,897,319
2026-04-07 23:27:14.544,-200,902,374
2026-04-07 23:27:14.593,-192,790,392
2026-04-07 23:27:14.642,-148,693,332
2026-04-07 23:27:14.691,-115,592,282
2026-04-07 23:27:14.692,-68,436,270
2026-04-07 23:27:14.740,9,328,223
2026-04-07 23:27:14.788,45,183,268
2026-04-07 23:27:14.838,58,137,300
2026-04-07 23:27:14.886,10,-20,283
2026-04-07 23:27:14.935,-133,-292,285
2026-04-07 23:27:14.936,-63,-617,199
2026-04-07 23:27:14.983,58,-494,-91
2026-04-07 23:27:15.033,164,-628,-351
2026-04-07 23:27:15.081,245,-608,-418
2026-04-07 23:27:15.128,235,-601,-243
2026-04-07 23:27:15.133,173,-535,-179
2026-04-07 23:27:15.179,164,-576,-133
2026-04-07 23:27:15.227,128,-497,13
2026-04-07 23:27:15.274,89,-447,128
2026-04-07 23:27:15.325,76,-309,271
2026-04-07 23:27:15.373,113,-231,316
2026-04-07 23:27:15.374,82,-169,356
2026-04-07 23:27:15.423,1,-73,365
2026-04-07 23:27:15.470,-119,-55,340
2026-04-07 23:27:15.521,-246,188,332
2026-04-07 23:27:15.569,-268,777,392
2026-04-07 23:27:15.617,-142,1052,376
2026-04-07 23:27:15.618,-176,638,414
2026-04-07 23:27:15.664,-217,899,556
2026-04-07 23:27:15.715,-175,585,356
2026-04-07 23:27:15.763,-147,546,358
2026-04-07 23:27:15.814,-105,316,362
2026-04-07 23:27:15.859,-50,208,428
2026-04-07 23:27:15.860,-33,60,383
2026-04-07 23:27:15.910,-27,-71,310
2026-04-07 23:27:15.958,-42,-148,274
2026-04-07 23:27:16.007,-51,-199,223
2026-04-07 23:27:16.057,-66,-313,124
2026-04-07 23:27:16.104,-160,-501,-33
2026-04-07 23:27:16.105,-95,-635,-139
2026-04-07 23:27:16.154,63,-640,-206
2026-04-07 23:27:16.203,111,-743,-291
2026-04-07 23:27:16.301,118,-787,-251
2026-04-07 23:27:16.302,99,-742,-102
2026-04-07 23:27:16.302,63,-751,-59
2026-04-07 23:27:16.348,12,-693,-45
2026-04-07 23:27:16.396,-77,-633,30
2026-04-07 23:27:16.447,-95,-524,77
2026-04-07 23:27:16.496,-82,-425,174
2026-04-07 23:27:16.543,-80,-265,247
2026-04-07 23:27:16.543,-60,-81,243
2026-04-07 23:27:16.594,-82,43,208
2026-04-07 23:27:16.640,-121,299,265
2026-04-07 23:27:16.689,-156,418,222
2026-04-07 23:27:16.739,-264,497,374
2026-04-07 23:27:16.788,-377,688,540
2026-04-07 23:27:16.789,-289,939,456
2026-04-07 23:27:16.835,-187,767,437
2026-04-07 23:27:16.886,-196,689,496
2026-04-07 23:27:16.934,-226,650,321
2026-04-07 23:27:16.982,-245,631,306
2026-04-07 23:27:17.031,-203,601,349
2026-04-07 23:27:17.032,-192,391,328
2026-04-07 23:27:17.080,-120,96,313
2026-04-07 23:27:17.127,-58,-65,273
2026-04-07 23:27:17.177,-139,-125,220
2026-04-07 23:27:17.226,-282,-331,312
2026-04-07 23:27:17.227,-318,-274,240
2026-04-07 23:27:17.275,-181,-555,-142
2026-04-07 23:27:17.323,71,-849,-142
2026-04-07 23:27:17.372,154,-736,-315
2026-04-07 23:27:17.420,147,-805,-354
2026-04-07 23:27:17.470,73,-750,-251
2026-04-07 23:27:17.471,2,-681,-203
2026-04-07 23:27:17.569,-30,-581,-109
2026-04-07 23:27:17.570,-43,-508,13
2026-04-07 23:27:17.617,-87,-389,112
2026-04-07 23:27:17.665,-133,-143,152
2026-04-07 23:27:17.712,-138,254,161
2026-04-07 23:27:17.713,-54,522,174
2026-04-07 23:27:17.763,-92,677,240
2026-04-07 23:27:17.811,-130,740,241
2026-04-07 23:27:17.860,-107,781,279
2026-04-07 23:27:17.909,-52,786,268
2026-04-07 23:27:17.956,-53,738,295
2026-04-07 23:27:17.957,-27,647,243
2026-04-07 23:27:18.006,-36,713,331
2026-04-07 23:27:18.054,-82,567,319
2026-04-07 23:27:18.103,-98,322,313
2026-04-07 23:27:18.150,-119,128,310
2026-04-07 23:27:18.151,-148,-8,295
2026-04-07 23:27:18.201,-202,-161,318
2026-04-07 23:27:18.248,-210,-324,355
2026-04-07 23:27:18.299,-222,-414,259
2026-04-07 23:27:18.346,-134,-470,-248
2026-04-07 23:27:18.394,83,-663,-639
2026-04-07 23:27:18.395,126,-704,-581
2026-04-07 23:27:18.445,78,-696,-337
2026-04-07 23:27:18.493,63,-724,-331
2026-04-07 23:27:18.542,23,-664,-258
2026-04-07 23:27:18.590,32,-581,-131
2026-04-07 23:27:18.638,42,-530,-12
2026-04-07 23:27:18.639,34,-439,132
2026-04-07 23:27:18.688,-18,-283,192
2026-04-07 23:27:18.737,-111,-5,268
2026-04-07 23:27:18.785,-86,152,180
2026-04-07 23:27:18.834,-132,396,88
2026-04-07 23:27:18.883,-116,745,124
2026-04-07 23:27:18.883,-56,893,112
2026-04-07 23:27:18.933,12,1026,220
2026-04-07 23:27:18.980,-8,909,297
2026-04-07 23:27:19.030,-18,795,159
2026-04-07 23:27:19.078,-4,782,79
2026-04-07 23:27:19.126,-44,588,189
2026-04-07 23:27:19.127,-79,360,268
2026-04-07 23:27:19.176,-119,76,355
2026-04-07 23:27:19.225,-147,-50,335
2026-04-07 23:27:19.274,-240,-94,322
2026-04-07 23:27:19.323,-339,-215,300
2026-04-07 23:27:19.323,-432,-271,125
2026-04-07 23:27:19.371,-252,-510,-197
2026-04-07 23:27:19.419,-21,-716,-336
2026-04-07 23:27:19.469,72,-818,-340
2026-04-07 23:27:19.516,49,-763,-216
2026-04-07 23:27:19.567,21,-835,-193
2026-04-07 23:27:19.568,-11,-816,-151
2026-04-07 23:27:19.614,-60,-808,-109
2026-04-07 23:27:19.664,-111,-782,-161
2026-04-07 23:27:19.710,-110,-687,-63
2026-04-07 23:27:19.760,-20,-406,95
2026-04-07 23:27:19.808,48,-201,118
2026-04-07 23:27:19.808,57,16,167
2026-04-07 23:27:19.858,63,152,201
2026-04-07 23:27:19.907,69,278,152
2026-04-07 23:27:19.956,61,361,88
2026-04-07 23:27:20.005,-44,483,118
2026-04-07 23:27:20.053,-66,768,256
2026-04-07 23:27:20.053,-74,849,359
2026-04-07 23:27:20.100,-107,878,456
2026-04-07 23:27:20.151,-89,808,408
2026-04-07 23:27:20.199,-98,687,340
2026-04-07 23:27:20.245,-83,590,289
2026-04-07 23:27:20.247,-63,485,240
2026-04-07 23:27:20.295,-64,281,246
2026-04-07 23:27:20.346,-63,138,297
2026-04-07 23:27:20.396,-61,5,262
2026-04-07 23:27:20.445,-69,-104,250
2026-04-07 23:27:20.491,-134,-287,340
2026-04-07 23:27:20.492,-174,-392,358
2026-04-07 23:27:20.541,-154,-592,49
2026-04-07 23:27:20.589,51,-824,-375
2026-04-07 23:27:20.639,154,-857,-497
2026-04-07 23:27:20.686,203,-740,-501
2026-04-07 23:27:20.786,135,-657,-372
2026-04-07 23:27:20.787,105,-572,-281
2026-04-07 23:27:20.788,87,-492,-146
2026-04-07 23:27:20.833,93,-322,-3
2026-04-07 23:27:20.882,113,-268,7
2026-04-07 23:27:20.931,49,-119,37
2026-04-07 23:27:20.980,-62,7,170
2026-04-07 23:27:20.981,-157,126,255
2026-04-07 23:27:21.029,-276,325,319
2026-04-07 23:27:21.078,-384,750,399
2026-04-07 23:27:21.126,-386,939,457
2026-04-07 23:27:21.175,-209,946,505
2026-04-07 23:27:21.176,-164,766,410
2026-04-07 23:27:21.227,-192,705,204
2026-04-07 23:27:21.272,-219,661,155
2026-04-07 23:27:21.321,-230,588,179
2026-04-07 23:27:21.369,-249,380,179
2026-04-07 23:27:21.419,-229,112,264
2026-04-07 23:27:21.419,-119,-55,273
2026-04-07 23:27:21.467,-44,-191,183
2026-04-07 23:27:21.517,-100,-313,195
2026-04-07 23:27:21.564,-154,-481,182
2026-04-07 23:27:21.614,-167,-571,51
2026-04-07 23:27:21.662,-43,-628,-320
2026-04-07 23:27:21.663,122,-741,-488
2026-04-07 23:27:21.711,118,-693,-433
2026-04-07 23:27:21.760,65,-676,-254
2026-04-07 23:27:21.808,129,-616,-187
2026-04-07 23:27:21.907,122,-538,-29
2026-04-07 23:27:21.908,118,-464,100
2026-04-07 23:27:21.908,105,-372,205
2026-04-07 23:27:21.954,74,-252,243
2026-04-07 23:27:22.005,19,-183,244
2026-04-07 23:27:22.052,-78,15,211
2026-04-07 23:27:22.101,-173,179,277
2026-04-07 23:27:22.102,-238,331,325
2026-04-07 23:27:22.149,-227,952,286
2026-04-07 23:27:22.199,-159,1028,247
2026-04-07 23:27:22.247,-155,880,490
2026-04-07 23:27:22.297,-136,739,402
2026-04-07 23:27:22.343,-151,759,196
2026-04-07 23:27:22.344,-187,758,173
2026-04-07 23:27:22.392,-203,671,214
2026-04-07 23:27:22.443,-214,408,235
2026-04-07 23:27:22.490,-203,171,292
2026-04-07 23:27:22.541,-258,-51,258
2026-04-07 23:27:22.588,-261,-180,156
2026-04-07 23:27:22.589,-290,-390,128
2026-04-07 23:27:22.637,-190,-413,-108
2026-04-07 23:27:22.685,-25,-452,-406
2026-04-07 23:27:22.735,180,-682,-631
2026-04-07 23:27:22.783,223,-770,-528
2026-04-07 23:27:22.833,217,-847,-489
2026-04-07 23:27:22.834,134,-798,-506
2026-04-07 23:27:22.882,52,-728,-373
2026-04-07 23:27:22.931,7,-600,-120
2026-04-07 23:27:22.978,-43,-450,45
2026-04-07 23:27:23.027,-64,-256,68
2026-04-07 23:27:23.075,-98,69,74
2026-04-07 23:27:23.076,-61,346,135
2026-04-07 23:27:23.126,-33,434,98
2026-04-07 23:27:23.173,-134,481,122
2026-04-07 23:27:23.224,-158,768,144
2026-04-07 23:27:23.271,-118,1051,121
2026-04-07 23:27:23.272,-179,1009,267
2026-04-07 23:27:23.321,-146,866,211
2026-04-07 23:27:23.369,-57,766,94
2026-04-07 23:27:23.467,-56,638,147
2026-04-07 23:27:23.468,-122,365,204
2026-04-07 23:27:23.513,-323,-58,182
2026-04-07 23:27:23.514,-582,-134,176
2026-04-07 23:27:23.563,-704,-470,150
2026-04-07 23:27:23.612,-167,-504,-170
2026-04-07 23:27:23.660,69,-865,-172
2026-04-07 23:27:23.711,180,-944,-154
2026-04-07 23:27:23.756,172,-799,-87
2026-04-07 23:27:23.806,174,-860,-133
2026-04-07 23:27:23.806,110,-747,-172
2026-04-07 23:27:23.855,56,-654,-160
2026-04-07 23:27:23.907,3,-607,-47
2026-04-07 23:27:23.954,-23,-491,63
2026-04-07 23:27:24.002,-25,-351,150
2026-04-07 23:27:24.002,7,-241,235
2026-04-07 23:27:24.050,-76,-234,234
2026-04-07 23:27:24.100,-177,53,171
2026-04-07 23:27:24.148,-167,423,88
2026-04-07 23:27:24.199,-159,695,118
2026-04-07 23:27:24.199,-192,853,294
2026-04-07 23:27:24.244,-104,1122,201
2026-04-07 23:27:24.296,-79,1060,174
2026-04-07 23:27:24.343,-118,820,247
2026-04-07 23:27:24.394,-75,656,150
2026-04-07 23:27:24.439,-32,577,118
2026-04-07 23:27:24.439,-36,387,303
2026-04-07 23:27:24.488,-22,182,356
2026-04-07 23:27:24.539,-27,57,304
2026-04-07 23:27:24.588,-88,-19,256
2026-04-07 23:27:24.636,-220,-325,276
2026-04-07 23:27:24.685,-266,-282,150
2026-04-07 23:27:24.685,-63,-741,-115
2026-04-07 23:27:24.733,152,-774,-67
2026-04-07 23:27:24.782,163,-750,74
2026-04-07 23:27:24.830,200,-769,118
2026-04-07 23:27:24.879,190,-751,109
2026-04-07 23:27:24.929,134,-657,100
2026-04-07 23:27:24.929,68,-531,186
2026-04-07 23:27:24.976,67,-442,240
2026-04-07 23:27:25.027,41,-307,228
2026-04-07 23:27:25.075,-22,-131,258
2026-04-07 23:27:25.123,-63,104,300
2026-04-07 23:27:25.123,-48,345,262
2026-04-07 23:27:25.172,-16,662,48
2026-04-07 23:27:25.219,84,941,92
2026-04-07 23:27:25.269,111,847,247
2026-04-07 23:27:25.319,145,891,143
2026-04-07 23:27:25.366,122,794,92
2026-04-07 23:27:25.367,107,921,110
2026-04-07 23:27:25.416,37,625,173
2026-04-07 23:27:25.464,30,385,229
2026-04-07 23:27:25.514,-3,129,247
2026-04-07 23:27:25.560,-33,36,237
2026-04-07 23:27:25.609,-85,-86,141
2026-04-07 23:27:25.610,-207,-326,91
2026-04-07 23:27:25.660,-184,-482,-108
2026-04-07 23:27:25.708,-33,-564,-300
2026-04-07 23:27:25.757,155,-683,-397
2026-04-07 23:27:25.805,244,-812,-391
2026-04-07 23:27:25.853,199,-831,-276
2026-04-07 23:27:25.854,159,-865,-188
2026-04-07 23:27:25.904,126,-776,-173
2026-04-07 23:27:25.953,81,-741,-178
2026-04-07 23:27:26.000,20,-630,-75
2026-04-07 23:27:26.049,20,-487,82
2026-04-07 23:27:26.099,42,-366,141
2026-04-07 23:27:26.099,13,-180,211
2026-04-07 23:27:26.147,-32,-13,249
2026-04-07 23:27:26.197,-56,167,196
2026-04-07 23:27:26.246,-21,450,113
2026-04-07 23:27:26.294,-57,555,141
2026-04-07 23:27:26.295,-123,678,207
2026-04-07 23:27:26.342,-150,691,237
2026-04-07 23:27:26.392,-106,834,196
2026-04-07 23:27:26.440,-79,865,180
2026-04-07 23:27:26.489,-70,837,204
2026-04-07 23:27:26.536,-74,735,170
2026-04-07 23:27:26.537,-122,652,273
2026-04-07 23:27:26.587,-165,328,423
2026-04-07 23:27:26.635,-88,135,465
2026-04-07 23:27:26.684,-56,-62,401
2026-04-07 23:27:26.731,-35,-198,280
2026-04-07 23:27:26.782,-68,-253,232
2026-04-07 23:27:26.783,-167,-344,119
2026-04-07 23:27:26.829,-211,-495,7
2026-04-07 23:27:26.879,-82,-558,-149
2026-04-07 23:27:26.929,114,-675,-276
2026-04-07 23:27:26.976,166,-749,-293
2026-04-07 23:27:27.025,166,-758,-279
2026-04-07 23:27:27.026,147,-769,-201
2026-04-07 23:27:27.073,108,-737,-137
2026-04-07 23:27:27.121,64,-690,-120
2026-04-07 23:27:27.170,33,-594,-24
2026-04-07 23:27:27.218,16,-520,95
2026-04-07 23:27:27.219,-22,-353,217
2026-04-07 23:27:27.269,-32,-267,349
2026-04-07 23:27:27.318,-24,-120,338
2026-04-07 23:27:27.367,-54,23,304
2026-04-07 23:27:27.415,-29,451,306
2026-04-07 23:27:27.464,-31,543,234
2026-04-07 23:27:27.465,-62,729,208
2026-04-07 23:27:27.513,-82,737,217
2026-04-07 23:27:27.561,-115,794,191
2026-04-07 23:27:27.610,-115,728,213
2026-04-07 23:27:27.660,-64,711,141
2026-04-07 23:27:27.707,-36,677,161
2026-04-07 23:27:27.708,-2,587,168
2026-04-07 23:27:27.756,-14,454,214
2026-04-07 23:27:27.804,-9,374,267
2026-04-07 23:27:27.853,16,384,294
2026-04-07 23:27:27.903,82,409,344
2026-04-07 23:27:27.951,-50,124,446
2026-04-07 23:27:27.951,-196,-71,377
2026-04-07 23:27:28.000,-111,-127,295
2026-04-07 23:27:28.049,-31,-538,92
2026-04-07 23:27:28.097,89,-590,-100
2026-04-07 23:27:28.147,234,-829,-260
2026-04-07 23:27:28.148,214,-738,-188
2026-04-07 23:27:28.196,202,-732,-114
2026-04-07 23:27:28.244,184,-649,-18
2026-04-07 23:27:28.293,191,-616,86
2026-04-07 23:27:28.343,84,-492,223
2026-04-07 23:27:28.392,119,-371,226
2026-04-07 23:27:28.393,48,-244,267
2026-04-07 23:27:28.439,3,-32,288
2026-04-07 23:27:28.486,-56,169,279
2026-04-07 23:27:28.536,-40,471,282
2026-04-07 23:27:28.585,38,594,191
2026-04-07 23:27:28.634,-5,703,171
2026-04-07 23:27:28.635,-11,745,173
2026-04-07 23:27:28.681,-61,747,196
2026-04-07 23:27:28.731,-40,762,165
2026-04-07 23:27:28.779,-31,776,176
2026-04-07 23:27:28.826,-25,733,174
2026-04-07 23:27:28.878,-32,643,216
2026-04-07 23:27:28.878,-27,613,256
2026-04-07 23:27:28.926,-61,433,304
2026-04-07 23:27:28.974,-130,232,389
2026-04-07 23:27:29.023,-141,13,329
2026-04-07 23:27:29.072,-183,-137,214
2026-04-07 23:27:29.121,-172,-356,156
2026-04-07 23:27:29.122,2,-513,0
2026-04-07 23:27:29.170,150,-616,-133
2026-04-07 23:27:29.219,191,-743,-227
2026-04-07 23:27:29.268,162,-722,-136
2026-04-07 23:27:29.315,145,-727,-35
2026-04-07 23:27:29.316,150,-707,-17
2026-04-07 23:27:29.365,83,-691,-38
2026-04-07 23:27:29.414,18,-607,55
2026-04-07 23:27:29.462,-15,-474,106
2026-04-07 23:27:29.561,-18,-305,186
2026-04-07 23:27:29.562,-5,-107,201
2026-04-07 23:27:29.563,73,333,138
2026-04-07 23:27:29.608,103,500,156
2026-04-07 23:27:29.656,-64,514,189
2026-04-07 23:27:29.707,-175,543,235
2026-04-07 23:27:29.754,-203,634,232
2026-04-07 23:27:29.803,-207,798,195
2026-04-07 23:27:29.804,-145,915,201
2026-04-07 23:27:29.852,-92,893,176
2026-04-07 23:27:29.900,-71,769,208
2026-04-07 23:27:29.948,-44,638,228
2026-04-07 23:27:29.998,-27,456,298
2026-04-07 23:27:30.046,-58,276,377
2026-04-07 23:27:30.047,-66,115,370
2026-04-07 23:27:30.096,-93,-32,350
2026-04-07 23:27:30.144,-104,-145,267
2026-04-07 23:27:30.194,-82,-313,85
2026-04-07 23:27:30.241,30,-511,-325
2026-04-07 23:27:30.241,193,-597,-476
2026-04-07 23:27:30.292,251,-603,-448
2026-04-07 23:27:30.340,206,-584,-239
2026-04-07 23:27:30.389,194,-631,-246
2026-04-07 23:27:30.436,153,-597,-264
2026-04-07 23:27:30.486,95,-550,-213
2026-04-07 23:27:30.487,68,-535,-59
2026-04-07 23:27:30.536,63,-439,55
2026-04-07 23:27:30.585,59,-321,195
2026-04-07 23:27:30.632,5,-109,267
2026-04-07 23:27:30.681,-95,70,298
2026-04-07 23:27:30.729,-217,318,340
2026-04-07 23:27:30.730,-186,620,267
2026-04-07 23:27:30.778,-244,822,225
2026-04-07 23:27:30.827,-243,962,306
2026-04-07 23:27:30.875,-164,964,325
2026-04-07 23:27:30.924,-78,876,419
2026-04-07 23:27:30.974,-103,696,516
2026-04-07 23:27:30.976,-23,497,437
2026-04-07 23:27:31.022,49,312,373
2026-04-07 23:27:31.072,100,54,338
2026-04-07 23:27:31.119,123,-54,289
2026-04-07 23:27:31.167,166,-176,162
2026-04-07 23:27:31.167,170,-236,138
2026-04-07 23:27:31.218,7,-390,91
2026-04-07 23:27:31.267,-80,-512,55
2026-04-07 23:27:31.315,34,-627,-215
2026-04-07 23:27:31.363,184,-726,-225
2026-04-07 23:27:31.412,229,-746,-201
2026-04-07 23:27:31.413,186,-639,-126
2026-04-07 23:27:31.461,159,-676,-99
2026-04-07 23:27:31.509,66,-582,43
2026-04-07 23:27:31.558,55,-496,86
2026-04-07 23:27:31.607,-13,-343,219
2026-04-07 23:27:31.656,-36,-232,234
2026-04-07 23:27:31.657,-146,-42,217
2026-04-07 23:27:31.705,-200,317,223
2026-04-07 23:27:31.753,-166,695,103
2026-04-07 23:27:31.803,-264,905,195
2026-04-07 23:27:31.851,-312,1080,310
2026-04-07 23:27:31.898,-175,1037,270
2026-04-07 23:27:31.898,-54,860,226
2026-04-07 23:27:31.947,50,701,249
2026-04-07 23:27:31.997,67,548,283
2026-04-07 23:27:32.047,52,378,325
2026-04-07 23:27:32.096,-15,156,318
2026-04-07 23:27:32.144,-107,41,262
2026-04-07 23:27:32.145,-208,-83,204
2026-04-07 23:27:32.192,-244,-263,210
2026-04-07 23:27:32.242,-138,-430,39
2026-04-07 23:27:32.290,55,-607,-134
2026-04-07 23:27:32.339,156,-747,-340
2026-04-07 23:27:32.340,219,-786,-488
2026-04-07 23:27:32.388,190,-789,-352
2026-04-07 23:27:32.437,143,-723,-302
2026-04-07 23:27:32.485,46,-669,-237
2026-04-07 23:27:32.533,-43,-576,-136
2026-04-07 23:27:32.581,-29,-421,-20
2026-04-07 23:27:32.582,-2,-260,31
2026-04-07 23:27:32.630,-100,-136,46
2026-04-07 23:27:32.730,-148,173,95
2026-04-07 23:27:32.731,-62,480,58
2026-04-07 23:27:32.778,-190,603,107
2026-04-07 23:27:32.826,-256,768,213
2026-04-07 23:27:32.827,-264,897,285
2026-04-07 23:27:32.875,-167,1110,261
2026-04-07 23:27:32.923,-121,1055,289
2026-04-07 23:27:32.972,-121,905,298
2026-04-07 23:27:33.019,-139,682,331
2026-04-07 23:27:33.068,-131,470,365
2026-04-07 23:27:33.069,-138,276,370
2026-04-07 23:27:33.117,-124,87,315
2026-04-07 23:27:33.166,-130,-28,223
2026-04-07 23:27:33.216,-111,-106,118
2026-04-07 23:27:33.263,-114,-315,94
2026-04-07 23:27:33.264,-71,-351,57
2026-04-07 23:27:33.314,18,-487,-66
2026-04-07 23:27:33.362,127,-613,-134
2026-04-07 23:27:33.412,172,-673,-206
2026-04-07 23:27:33.461,143,-724,-221
2026-04-07 23:27:33.508,93,-735,-112
2026-04-07 23:27:33.509,48,-744,-12
2026-04-07 23:27:33.557,3,-637,82
2026-04-07 23:27:33.607,42,-512,137
2026-04-07 23:27:33.656,34,-421,201
2026-04-07 23:27:33.705,38,-249,240
2026-04-07 23:27:33.753,-22,-50,377
2026-04-07 23:27:33.754,-47,110,398
2026-04-07 23:27:33.802,-78,230,374
2026-04-07 23:27:33.851,-92,312,282
2026-04-07 23:27:33.899,-109,476,283
2026-04-07 23:27:33.946,-80,622,289
2026-04-07 23:27:33.995,-49,805,226
2026-04-07 23:27:33.996,-110,875,353
2026-04-07 23:27:34.045,-133,820,356
2026-04-07 23:27:34.094,-142,755,344
2026-04-07 23:27:34.143,-101,777,217
2026-04-07 23:27:34.191,-105,656,183
2026-04-07 23:27:34.192,-188,414,265
2026-04-07 23:27:34.241,-371,81,310
2026-04-07 23:27:34.291,-575,-36,199
2026-04-07 23:27:34.337,-576,-339,124
2026-04-07 23:27:34.387,-308,-314,267
2026-04-07 23:27:34.435,-123,-415,426
2026-04-07 23:27:34.436,-128,-492,570
2026-04-07 23:27:34.483,-124,-616,486
2026-04-07 23:27:34.534,-88,-556,480
2026-04-07 23:27:34.579,-86,-625,487
2026-04-07 23:27:34.631,-139,-540,347
2026-04-07 23:27:34.679,-156,-629,264
2026-04-07 23:27:34.680,-214,-528,301
2026-04-07 23:27:34.728,-159,-395,298
2026-04-07 23:27:34.777,-69,-244,283
2026-04-07 23:27:34.825,-42,-89,270
2026-04-07 23:27:34.873,-21,55,256
2026-04-07 23:27:34.921,-32,203,207
2026-04-07 23:27:34.922,15,374,121
2026-04-07 23:27:35.021,14,646,112
2026-04-07 23:27:35.022,-63,754,195
2026-04-07 23:27:35.069,-125,968,240
2026-04-07 23:27:35.117,-120,990,191
2026-04-07 23:27:35.165,-54,871,171
2026-04-07 23:27:35.166,-22,666,214
2026-04-07 23:27:35.214,-9,423,313
2026-04-07 23:27:35.264,-9,212,438
2026-04-07 23:27:35.313,-39,210,237
2026-04-07 23:27:35.361,-176,-23,223
2026-04-07 23:27:35.361,-210,-133,462
2026-04-07 23:27:35.409,-228,-273,367
2026-04-07 23:27:35.459,-104,-441,165
2026-04-07 23:27:35.508,57,-575,-255
2026-04-07 23:27:35.555,116,-713,-412
2026-04-07 23:27:35.604,87,-660,-345
2026-04-07 23:27:35.654,59,-670,-275
2026-04-07 23:27:35.654,59,-625,-155
2026-04-07 23:27:35.703,108,-519,12
2026-04-07 23:27:35.750,123,-432,171
2026-04-07 23:27:35.801,107,-320,205
2026-04-07 23:27:35.848,69,-166,288
2026-04-07 23:27:35.849,32,-5,359
2026-04-07 23:27:35.898,37,85,250
2026-04-07 23:27:35.945,-83,334,244
2026-04-07 23:27:35.993,-129,599,319
2026-04-07 23:27:36.045,-166,837,352
2026-04-07 23:27:36.093,-113,965,358
2026-04-07 23:27:36.094,-41,1026,329
2026-04-07 23:27:36.147,-53,830,307
2026-04-07 23:27:36.190,-63,720,277
2026-04-07 23:27:36.238,-73,587,283
2026-04-07 23:27:36.287,-77,451,283
2026-04-07 23:27:36.288,-93,197,347
2026-04-07 23:27:36.386,-125,44,326
2026-04-07 23:27:36.387,-157,-57,240
2026-04-07 23:27:36.435,-293,-268,106
2026-04-07 23:27:36.483,-263,-367,-179
2026-04-07 23:27:36.530,-32,-469,-495
2026-04-07 23:27:36.530,194,-597,-621
2026-04-07 23:27:36.580,223,-586,-585
2026-04-07 23:27:36.632,219,-647,-331
2026-04-07 23:27:36.678,223,-698,-325
2026-04-07 23:27:36.726,166,-662,-282
2026-04-07 23:27:36.775,103,-631,-146
2026-04-07 23:27:36.776,51,-472,16
2026-04-07 23:27:36.822,0,-349,180
2026-04-07 23:27:36.873,-23,-200,192
2026-04-07 23:27:36.919,-63,-30,238
2026-04-07 23:27:36.969,-91,220,325
2026-04-07 23:27:37.019,-73,319,282
2026-04-07 23:27:37.020,-83,801,350
2026-04-07 23:27:37.067,-177,980,637
2026-04-07 23:27:37.117,-232,996,702
2026-04-07 23:27:37.165,-246,775,550
2026-04-07 23:27:37.215,-271,542,460
2026-04-07 23:27:37.216,-320,303,462
2026-04-07 23:27:37.262,-313,121,407
2026-04-07 23:27:37.310,-231,-2,288
2026-04-07 23:27:37.359,-246,-229,214
2026-04-07 23:27:37.457,-177,-304,153
2026-04-07 23:27:37.458,-50,-513,115
2026-04-07 23:27:37.459,93,-589,89
2026-04-07 23:27:37.507,201,-643,-62
2026-04-07 23:27:37.554,242,-717,-105
2026-04-07 23:27:37.605,293,-750,-173
2026-04-07 23:27:37.654,202,-667,-134
2026-04-07 23:27:37.702,128,-640,-111
2026-04-07 23:27:37.702,19,-576,-41
2026-04-07 23:27:37.750,-84,-522,42
2026-04-07 23:27:37.799,-125,-401,113
2026-04-07 23:27:37.847,-92,-178,91
2026-04-07 23:27:37.896,-112,8,191
2026-04-07 23:27:37.944,-129,240,399
2026-04-07 23:27:37.944,-252,248,490
2026-04-07 23:27:37.993,-338,425,499
2026-04-07 23:27:38.042,-318,683,449
2026-04-07 23:27:38.091,-229,965,457
2026-04-07 23:27:38.140,-262,853,514
2026-04-07 23:27:38.189,-202,773,361
2026-04-07 23:27:38.190,-154,658,282
2026-04-07 23:27:38.238,-155,497,337
2026-04-07 23:27:38.286,-141,326,370
2026-04-07 23:27:38.335,-158,53,385
2026-04-07 23:27:38.381,-159,-129,309
2026-04-07 23:27:38.382,-173,-393,244
2026-04-07 23:27:38.433,-50,-339,125
2026-04-07 23:27:38.480,-91,-449,83
2026-04-07 23:27:38.529,-80,-511,68
2026-04-07 23:27:38.578,-2,-590,-41
2026-04-07 23:27:38.627,101,-674,-191
2026-04-07 23:27:38.627,78,-671,-213
2026-04-07 23:27:38.677,54,-719,-152
2026-04-07 23:27:38.724,6,-699,-18
2026-04-07 23:27:38.774,-12,-717,95
2026-04-07 23:27:38.823,-44,-591,152
2026-04-07 23:27:38.869,-75,-565,222
2026-04-07 23:27:38.870,-164,-371,304
2026-04-07 23:27:38.918,-223,-235,332
2026-04-07 23:27:38.967,-212,-19,340
2026-04-07 23:27:39.018,-168,287,352
2026-04-07 23:27:39.065,-134,480,252
2026-04-07 23:27:39.114,-107,697,180
2026-04-07 23:27:39.115,-190,768,270
2026-04-07 23:27:39.163,-128,916,116
2026-04-07 23:27:39.213,-125,884,156
2026-04-07 23:27:39.261,-169,767,235
2026-04-07 23:27:39.310,-192,793,210
2026-04-07 23:27:39.312,-213,775,252
2026-04-07 23:27:39.361,-225,554,396
2026-04-07 23:27:39.408,-170,284,404
2026-04-07 23:27:39.455,-178,63,377
2026-04-07 23:27:39.504,-243,-157,277
2026-04-07 23:27:39.552,-373,-272,54
2026-04-07 23:27:39.553,-339,-458,-279
2026-04-07 23:27:39.602,-79,-546,-395
2026-04-07 23:27:39.650,80,-601,-464
2026-04-07 23:27:39.699,188,-702,-480
2026-04-07 23:27:39.747,147,-742,-330
2026-04-07 23:27:39.797,199,-743,-288
2026-04-07 23:27:39.798,125,-665,-154
2026-04-07 23:27:39.846,61,-589,-93
2026-04-07 23:27:39.894,-8,-523,-51
2026-04-07 23:27:39.943,-68,-495,-14
2026-04-07 23:27:39.993,-103,-438,103
2026-04-07 23:27:40.040,-103,-362,243
2026-04-07 23:27:40.040,-118,-243,270
2026-04-07 23:27:40.088,-187,-56,282
2026-04-07 23:27:40.138,-243,358,286
2026-04-07 23:27:40.188,-227,594,141
2026-04-07 23:27:40.236,-228,856,67
2026-04-07 23:27:40.283,-136,1024,188
2026-04-07 23:27:40.284,-59,1084,173
2026-04-07 23:27:40.334,-115,1000,185
2026-04-07 23:27:40.382,-141,825,36
2026-04-07 23:27:40.430,-219,729,77
2026-04-07 23:27:40.528,-335,311,189
2026-04-07 23:27:40.529,-458,120,337
2026-04-07 23:27:40.529,-535,-6,321
2026-04-07 23:27:40.577,-628,-287,454
2026-04-07 23:27:40.627,-348,-372,112
2026-04-07 23:27:40.675,1,-672,-352
2026-04-07 23:27:40.722,210,-771,-655
2026-04-07 23:27:40.723,262,-697,-728
2026-04-07 23:27:40.772,89,-611,-312
2026-04-07 23:27:40.822,150,-593,-221
2026-04-07 23:27:40.870,150,-568,-197
2026-04-07 23:27:40.920,77,-442,-56
2026-04-07 23:27:40.966,3,-326,21
2026-04-07 23:27:40.968,-20,-117,124
2026-04-07 23:27:41.017,-80,95,249
2026-04-07 23:27:41.064,-170,164,265
2026-04-07 23:27:41.115,-231,462,241
2026-04-07 23:27:41.162,-203,800,68
2026-04-07 23:27:41.212,-218,974,188
2026-04-07 23:27:41.212,-254,986,376
2026-04-07 23:27:41.260,-184,785,306
2026-04-07 23:27:41.309,-136,650,255
2026-04-07 23:27:41.357,-110,549,228
2026-04-07 23:27:41.408,-74,429,252
2026-04-07 23:27:41.409,-18,367,237
2026-04-07 23:27:41.455,1,263,309
2026-04-07 23:27:41.504,-3,210,328
2026-04-07 23:27:41.555,-4,120,328
2026-04-07 23:27:41.600,-57,-4,429
2026-04-07 23:27:41.648,-93,-44,504
2026-04-07 23:27:41.648,-48,-238,495
2026-04-07 23:27:41.697,37,-327,484
2026-04-07 23:27:41.748,96,-384,404
2026-04-07 23:27:41.796,75,-458,399
2026-04-07 23:27:41.845,51,-484,374
2026-04-07 23:27:41.893,-44,-696,211
2026-04-07 23:27:41.894,-101,-585,138
2026-04-07 23:27:41.942,-116,-601,425
2026-04-07 23:27:41.992,-54,-369,466
2026-04-07 23:27:42.040,-102,-27,198
2026-04-07 23:27:42.088,-127,477,12
2026-04-07 23:27:42.138,-194,665,-36
2026-04-07 23:27:42.139,-261,825,258
2026-04-07 23:27:42.186,-249,976,407
2026-04-07 23:27:42.235,-252,898,380
2026-04-07 23:27:42.283,-218,896,259
2026-04-07 23:27:42.334,-193,748,283
2026-04-07 23:27:42.334,-136,557,265
2026-04-07 23:27:42.380,-109,293,337
2026-04-07 23:27:42.430,-114,116,402
2026-04-07 23:27:42.479,-98,108,282
2026-04-07 23:27:42.527,-276,-119,140
2026-04-07 23:27:42.577,-298,-606,210
2026-04-07 23:27:42.577,-159,-568,95
2026-04-07 23:27:42.625,-9,-759,3
2026-04-07 23:27:42.674,61,-699,85
2026-04-07 23:27:42.723,68,-609,158
2026-04-07 23:27:42.770,38,-553,159
2026-04-07 23:27:42.819,45,-474,186
2026-04-07 23:27:42.820,28,-432,258
2026-04-07 23:27:42.869,-18,-285,285
2026-04-07 23:27:42.918,-39,-21,244
2026-04-07 23:27:42.966,-73,187,289
2026-04-07 23:27:43.015,-113,357,279
2026-04-07 23:27:43.063,-191,468,359
2026-04-07 23:27:43.064,-237,660,393
2026-04-07 23:27:43.113,-219,942,265
2026-04-07 23:27:43.162,-95,1062,259
2026-04-07 23:27:43.209,-88,959,353
2026-04-07 23:27:43.257,-120,750,261
2026-04-07 23:27:43.306,-116,630,201
2026-04-07 23:27:43.307,-138,463,297
2026-04-07 23:27:43.355,-113,281,322
2026-04-07 23:27:43.405,-123,52,349
2026-04-07 23:27:43.453,-93,-151,386
2026-04-07 23:27:43.502,-174,-137,261
2026-04-07 23:27:43.503,-411,-380,213
2026-04-07 23:27:43.550,-320,-415,31
2026-04-07 23:27:43.649,-39,-639,-121
2026-04-07 23:27:43.650,87,-741,-39
2026-04-07 23:27:43.696,50,-725,15
2026-04-07 23:27:43.744,73,-771,60
2026-04-07 23:27:43.745,55,-681,106
2026-04-07 23:27:43.793,43,-698,112
2026-04-07 23:27:43.846,-22,-629,144
2026-04-07 23:27:43.943,-26,-551,118
2026-04-07 23:27:43.945,-35,-441,186
2026-04-07 23:27:43.989,-60,-300,201
2026-04-07 23:27:43.989,-136,-106,243
2026-04-07 23:27:44.037,-143,195,213
2026-04-07 23:27:44.087,-125,419,261
2026-04-07 23:27:44.138,-130,501,265
2026-04-07 23:27:44.185,-146,643,244
2026-04-07 23:27:44.233,-95,938,207
2026-04-07 23:27:44.234,-17,1096,259
2026-04-07 23:27:44.283,-63,1210,385
2026-04-07 23:27:44.330,-100,1221,237
2026-04-07 23:27:44.383,-218,793,301
2026-04-07 23:27:44.428,-220,452,291
2026-04-07 23:27:44.429,-262,69,274
2026-04-07 23:27:44.478,-297,-54,177
2026-04-07 23:27:44.525,-382,-117,58
2026-04-07 23:27:44.575,-455,-344,-111
2026-04-07 23:27:44.622,-187,-548,-372
2026-04-07 23:27:44.672,131,-783,-482
2026-04-07 23:27:44.673,236,-842,-495
2026-04-07 23:27:44.719,114,-809,-285
2026-04-07 23:27:44.820,58,-804,-215
2026-04-07 23:27:44.821,-63,-711,-149
2026-04-07 23:27:44.866,-78,-591,-44
2026-04-07 23:27:44.916,-110,-441,104
2026-04-07 23:27:44.917,-165,-280,159
2026-04-07 23:27:44.965,-217,-42,153
2026-04-07 23:27:45.014,-209,291,191
2026-04-07 23:27:45.062,-213,532,255
2026-04-07 23:27:45.112,-225,730,256
2026-04-07 23:27:45.161,-128,1051,174
2026-04-07 23:27:45.161,-77,1108,191
2026-04-07 23:27:45.209,-145,1122,256
2026-04-07 23:27:45.257,-178,934,237
2026-04-07 23:27:45.307,-205,760,289
2026-04-07 23:27:45.355,-225,361,382
2026-04-07 23:27:45.355,-235,95,410
2026-04-07 23:27:45.405,-240,-107,249
2026-04-07 23:27:45.453,-383,-272,104
2026-04-07 23:27:45.501,-428,-519,-103
2026-04-07 23:27:45.550,-142,-653,-264
2026-04-07 23:27:45.602,119,-763,-433
2026-04-07 23:27:45.603,186,-826,-267
2026-04-07 23:27:45.648,109,-788,-94
2026-04-07 23:27:45.697,47,-778,-70
2026-04-07 23:27:45.744,-32,-655,30
2026-04-07 23:27:45.796,-60,-517,125
2026-04-07 23:27:45.840,-52,-359,182
2026-04-07 23:27:45.841,-58,-202,188
2026-04-07 23:27:45.892,-27,160,211
2026-04-07 23:27:45.939,14,291,219
2026-04-07 23:27:45.988,-62,373,234
2026-04-07 23:27:46.037,-62,524,165
2026-04-07 23:27:46.085,-61,759,121
2026-04-07 23:27:46.086,63,1089,30
2026-04-07 23:27:46.132,48,1088,149
2026-04-07 23:27:46.183,46,944,134
2026-04-07 23:27:46.231,31,791,121
2026-04-07 23:27:46.284,47,634,165
2026-04-07 23:27:46.329,-12,388,264
2026-04-07 23:27:46.330,-35,111,334
2026-04-07 23:27:46.378,-78,-41,211
2026-04-07 23:27:46.426,-207,-260,109
2026-04-07 23:27:46.476,-319,-445,-26
2026-04-07 23:27:46.523,-156,-573,-406
2026-04-07 23:27:46.524,94,-749,-582
2026-04-07 23:27:46.575,181,-776,-419
2026-04-07 23:27:46.621,147,-771,-252
2026-04-07 23:27:46.672,73,-704,-111
2026-04-07 23:27:46.720,-24,-656,70
2026-04-07 23:27:46.767,-38,-506,162
2026-04-07 23:27:46.768,-64,-395,219
2026-04-07 23:27:46.818,-92,-193,262
2026-04-07 23:27:46.917,-111,-65,240
2026-04-07 23:27:46.918,-157,213,261
2026-04-07 23:27:46.963,-141,469,161
2026-04-07 23:27:47.013,-190,655,140
2026-04-07 23:27:47.013,-176,865,127
2026-04-07 23:27:47.061,-150,991,171
2026-04-07 23:27:47.110,-143,968,213
2026-04-07 23:27:47.159,-133,813,195
2026-04-07 23:27:47.207,-109,650,159
2026-04-07 23:27:47.253,-94,496,177
2026-04-07 23:27:47.254,-113,293,234
2026-04-07 23:27:47.303,-133,138,211
