Timestamp,X,Y,Z
2026-01-26 13:10:59.176,-21,-487,-193
2026-01-26 13:10:59.225,-31,-491,-169
2026-01-26 13:10:59.274,-21,-486,-194
2026-01-26 13:10:59.322,-18,-485,-175
2026-01-26 13:10:59.323,-27,-487,-201
2026-01-26 13:10:59.371,-30,-485,-181
2026-01-26 13:10:59.421,-22,-485,-187
2026-01-26 13:10:59.468,-23,-478,-188
2026-01-26 13:10:59.517,-30,-487,-188
2026-01-26 13:10:59.566,-20,-493,-188
2026-01-26 13:10:59.566,-38,-486,-182
2026-01-26 13:10:59.664,-44,-491,-181
2026-01-26 13:10:59.665,-33,-486,-179
2026-01-26 13:10:59.713,-31,-478,-169
2026-01-26 13:10:59.761,-24,-483,-184
2026-01-26 13:10:59.810,-43,-477,-184
2026-01-26 13:10:59.859,-53,-481,-197
2026-01-26 13:10:59.910,-33,-483,-184
2026-01-26 13:10:59.911,-31,-484,-188
2026-01-26 13:10:59.956,-23,-479,-184
2026-01-26 13:11:00.009,-34,-491,-181
2026-01-26 13:11:00.053,-36,-493,-160
2026-01-26 13:11:00.057,-43,-482,-179
2026-01-26 13:11:00.104,-38,-490,-201
2026-01-26 13:11:00.153,-38,-479,-184
2026-01-26 13:11:00.202,-26,-469,-176
2026-01-26 13:11:00.250,-24,-487,-175
2026-01-26 13:11:00.298,-35,-488,-185
2026-01-26 13:11:00.298,-35,-490,-167
2026-01-26 13:11:00.346,-40,-488,-167
2026-01-26 13:11:00.396,-40,-484,-151
2026-01-26 13:11:00.444,-38,-491,-167
2026-01-26 13:11:00.494,-36,-486,-184
2026-01-26 13:11:00.495,-16,-472,-172
2026-01-26 13:11:00.542,-35,-496,-170
2026-01-26 13:11:00.642,-33,-482,-181
2026-01-26 13:11:00.643,-29,-482,-169
2026-01-26 13:11:00.690,-42,-501,-194
2026-01-26 13:11:00.737,-27,-483,-184
2026-01-26 13:11:00.738,-38,-478,-201
2026-01-26 13:11:00.788,-35,-483,-163
2026-01-26 13:11:00.835,-31,-487,-170
2026-01-26 13:11:00.884,-25,-491,-164
2026-01-26 13:11:00.934,-29,-483,-175
2026-01-26 13:11:00.983,-38,-497,-182
2026-01-26 13:11:00.983,-31,-487,-184
2026-01-26 13:11:01.032,-23,-490,-193
2026-01-26 13:11:01.080,-21,-485,-184
2026-01-26 13:11:01.130,-24,-475,-197
2026-01-26 13:11:01.175,-27,-487,-173
2026-01-26 13:11:01.223,-32,-488,-178
2026-01-26 13:11:01.272,-32,-493,-188
2026-01-26 13:11:01.272,-22,-474,-184
2026-01-26 13:11:01.322,-26,-488,-181
2026-01-26 13:11:01.372,-40,-486,-198
2026-01-26 13:11:01.422,-30,-468,-154
2026-01-26 13:11:01.470,-52,-492,-181
2026-01-26 13:11:01.471,-39,-479,-190
2026-01-26 13:11:01.569,-24,-473,-178
2026-01-26 13:11:01.570,-26,-501,-194
2026-01-26 13:11:01.615,-39,-474,-218
2026-01-26 13:11:01.665,-42,-479,-200
2026-01-26 13:11:01.712,-35,-483,-218
2026-01-26 13:11:01.713,-15,-475,-191
2026-01-26 13:11:01.761,-9,-474,-179
2026-01-26 13:11:01.811,-36,-482,-206
2026-01-26 13:11:01.859,-31,-486,-209
2026-01-26 13:11:01.905,-25,-476,-190
2026-01-26 13:11:01.907,-27,-485,-201
2026-01-26 13:11:01.956,-30,-475,-197
2026-01-26 13:11:02.004,-24,-478,-200
2026-01-26 13:11:02.053,-15,-487,-213
2026-01-26 13:11:02.103,-24,-468,-181
2026-01-26 13:11:02.153,-26,-485,-190
2026-01-26 13:11:02.153,-15,-482,-209
2026-01-26 13:11:02.203,-21,-467,-234
2026-01-26 13:11:02.249,-12,-481,-191
2026-01-26 13:11:02.298,-22,-479,-207
2026-01-26 13:11:02.347,-15,-472,-212
2026-01-26 13:11:02.393,-14,-475,-216
2026-01-26 13:11:02.394,-27,-485,-190
2026-01-26 13:11:02.443,-21,-477,-201
2026-01-26 13:11:02.493,-7,-475,-213
2026-01-26 13:11:02.542,-13,-470,-193
2026-01-26 13:11:02.591,-15,-479,-207
2026-01-26 13:11:02.642,-7,-487,-190
2026-01-26 13:11:02.643,-15,-476,-172
2026-01-26 13:11:02.689,-30,-484,-164
2026-01-26 13:11:02.737,-32,-487,-181
2026-01-26 13:11:02.834,-27,-487,-190
2026-01-26 13:11:02.835,-14,-484,-154
2026-01-26 13:11:02.882,-30,-491,-184
2026-01-26 13:11:02.883,-24,-500,-185
2026-01-26 13:11:02.932,-22,-485,-191
2026-01-26 13:11:02.981,-39,-488,-203
2026-01-26 13:11:03.029,-20,-490,-176
2026-01-26 13:11:03.078,-33,-483,-181
2026-01-26 13:11:03.128,-32,-478,-187
2026-01-26 13:11:03.129,-35,-477,-191
2026-01-26 13:11:03.177,-14,-491,-185
2026-01-26 13:11:03.227,-25,-485,-212
2026-01-26 13:11:03.272,-27,-479,-209
2026-01-26 13:11:03.319,-21,-483,-206
2026-01-26 13:11:03.319,-23,-470,-194
2026-01-26 13:11:03.370,-15,-475,-198
2026-01-26 13:11:03.420,-22,-484,-184
2026-01-26 13:11:03.468,-26,-484,-218
2026-01-26 13:11:03.517,-27,-482,-227
2026-01-26 13:11:03.565,-16,-479,-212
2026-01-26 13:11:03.566,-13,-475,-221
2026-01-26 13:11:03.665,-25,-473,-225
2026-01-26 13:11:03.666,-21,-479,-231
2026-01-26 13:11:03.711,-13,-468,-173
2026-01-26 13:11:03.761,-34,-484,-221
2026-01-26 13:11:03.810,-26,-479,-212
2026-01-26 13:11:03.811,-11,-485,-184
2026-01-26 13:11:03.861,-35,-473,-149
2026-01-26 13:11:03.907,-30,-503,-191
2026-01-26 13:11:03.956,-24,-479,-169
2026-01-26 13:11:04.005,-29,-487,-172
2026-01-26 13:11:04.056,-25,-482,-167
2026-01-26 13:11:04.057,-32,-488,-167
2026-01-26 13:11:04.101,-21,-491,-179
2026-01-26 13:11:04.149,-35,-494,-172
2026-01-26 13:11:04.200,-35,-488,-146
2026-01-26 13:11:04.254,-27,-485,-193
2026-01-26 13:11:04.295,-30,-492,-178
2026-01-26 13:11:04.296,-30,-477,-172
2026-01-26 13:11:04.346,-29,-486,-167
2026-01-26 13:11:04.395,-38,-502,-166
2026-01-26 13:11:04.443,-21,-457,-160
2026-01-26 13:11:04.492,-20,-504,-176
2026-01-26 13:11:04.540,-22,-497,-191
2026-01-26 13:11:04.541,-24,-459,-181
2026-01-26 13:11:04.590,-20,-487,-206
2026-01-26 13:11:04.688,-15,-495,-209
2026-01-26 13:11:04.690,-26,-468,-181
2026-01-26 13:11:04.735,-30,-494,-210
2026-01-26 13:11:04.736,-13,-452,-188
2026-01-26 13:11:04.785,-7,-484,-216
2026-01-26 13:11:04.832,-17,-488,-207
2026-01-26 13:11:04.882,-29,-470,-209
2026-01-26 13:11:04.930,-21,-482,-193
2026-01-26 13:11:04.981,-17,-483,-219
2026-01-26 13:11:04.982,-18,-487,-179
2026-01-26 13:11:05.078,-23,-468,-190
2026-01-26 13:11:05.078,-21,-482,-203
2026-01-26 13:11:05.125,-22,-468,-198
2026-01-26 13:11:05.174,-22,-472,-190
2026-01-26 13:11:05.224,-11,-482,-187
2026-01-26 13:11:05.226,-21,-488,-204
2026-01-26 13:11:05.272,-8,-481,-181
2026-01-26 13:11:05.319,-3,-493,-200
2026-01-26 13:11:05.368,-8,-477,-197
2026-01-26 13:11:05.419,-27,-482,-197
2026-01-26 13:11:05.465,-15,-488,-197
2026-01-26 13:11:05.466,-25,-482,-200
2026-01-26 13:11:05.515,-13,-487,-194
2026-01-26 13:11:05.564,-30,-484,-210
2026-01-26 13:11:05.614,-15,-476,-219
2026-01-26 13:11:05.662,-18,-478,-188
2026-01-26 13:11:05.711,-24,-487,-206
2026-01-26 13:11:05.712,-9,-477,-215
2026-01-26 13:11:05.759,-25,-482,-204
2026-01-26 13:11:05.807,-27,-486,-200
2026-01-26 13:11:05.857,-25,-478,-181
2026-01-26 13:11:05.906,-15,-485,-191
2026-01-26 13:11:05.954,-29,-483,-179
2026-01-26 13:11:05.955,-24,-482,-178
2026-01-26 13:11:06.003,-20,-483,-200
2026-01-26 13:11:06.051,-24,-492,-176
2026-01-26 13:11:06.100,-30,-488,-181
2026-01-26 13:11:06.149,-29,-492,-190
2026-01-26 13:11:06.150,-25,-484,-178
2026-01-26 13:11:06.198,-41,-494,-188
2026-01-26 13:11:06.245,-30,-501,-176
2026-01-26 13:11:06.294,-40,-484,-191
2026-01-26 13:11:06.342,-33,-487,-179
2026-01-26 13:11:06.392,-36,-496,-188
2026-01-26 13:11:06.393,-29,-478,-170
2026-01-26 13:11:06.443,-35,-494,-188
2026-01-26 13:11:06.492,-42,-482,-182
2026-01-26 13:11:06.540,-39,-487,-178
2026-01-26 13:11:06.589,-39,-490,-176
2026-01-26 13:11:06.687,-27,-492,-157
2026-01-26 13:11:06.688,-44,-485,-179
2026-01-26 13:11:06.688,-36,-493,-185
2026-01-26 13:11:06.734,-42,-492,-184
2026-01-26 13:11:06.784,-39,-485,-167
2026-01-26 13:11:06.832,-35,-483,-181
2026-01-26 13:11:06.878,-49,-481,-169
2026-01-26 13:11:06.879,-33,-494,-182
2026-01-26 13:11:06.930,-41,-477,-160
2026-01-26 13:11:06.977,-39,-482,-182
2026-01-26 13:11:07.026,-31,-484,-176
2026-01-26 13:11:07.075,-26,-486,-170
2026-01-26 13:11:07.124,-44,-487,-155
2026-01-26 13:11:07.125,-39,-482,-185
2026-01-26 13:11:07.172,-33,-484,-184
2026-01-26 13:11:07.221,-44,-488,-185
2026-01-26 13:11:07.269,-27,-491,-175
2026-01-26 13:11:07.319,-27,-492,-181
2026-01-26 13:11:07.367,-33,-485,-178
2026-01-26 13:11:07.415,-30,-484,-176
2026-01-26 13:11:07.464,-17,-485,-194
2026-01-26 13:11:07.465,-38,-492,-197
2026-01-26 13:11:07.513,-31,-487,-190
2026-01-26 13:11:07.563,-32,-482,-172
2026-01-26 13:11:07.564,-42,-492,-176
2026-01-26 13:11:07.612,-30,-486,-198
2026-01-26 13:11:07.662,-33,-495,-179
2026-01-26 13:11:07.759,-29,-482,-179
2026-01-26 13:11:07.760,-39,-486,-184
2026-01-26 13:11:07.806,-40,-484,-175
2026-01-26 13:11:07.806,-29,-483,-166
2026-01-26 13:11:07.856,-34,-499,-179
2026-01-26 13:11:07.905,-38,-483,-188
2026-01-26 13:11:07.953,-27,-490,-158
2026-01-26 13:11:08.004,-29,-484,-178
2026-01-26 13:11:08.051,-24,-488,-185
2026-01-26 13:11:08.052,-24,-485,-172
2026-01-26 13:11:08.099,-29,-490,-169
2026-01-26 13:11:08.152,-40,-486,-169
2026-01-26 13:11:08.196,-20,-495,-194
2026-01-26 13:11:08.248,-27,-487,-178
2026-01-26 13:11:08.295,-39,-486,-184
2026-01-26 13:11:08.296,-29,-484,-163
2026-01-26 13:11:08.344,-27,-491,-188
2026-01-26 13:11:08.391,-21,-487,-190
2026-01-26 13:11:08.440,-33,-496,-179
2026-01-26 13:11:08.488,-26,-484,-181
2026-01-26 13:11:08.537,-33,-490,-173
2026-01-26 13:11:08.538,-24,-478,-193
2026-01-26 13:11:08.586,-41,-490,-169
2026-01-26 13:11:08.636,-31,-482,-178
2026-01-26 13:11:08.686,-39,-492,-194
2026-01-26 13:11:08.783,-24,-488,-173
2026-01-26 13:11:08.784,-34,-479,-190
2026-01-26 13:11:08.785,-21,-475,-163
2026-01-26 13:11:08.830,-32,-493,-191
2026-01-26 13:11:08.881,-23,-487,-151
2026-01-26 13:11:08.929,-31,-481,-131
2026-01-26 13:11:08.976,-35,-490,-157
2026-01-26 13:11:08.977,-34,-483,-169
2026-01-26 13:11:09.027,-32,-487,-173
2026-01-26 13:11:09.074,-24,-490,-161
2026-01-26 13:11:09.123,-25,-484,-169
2026-01-26 13:11:09.172,-36,-486,-166
2026-01-26 13:11:09.221,-30,-484,-172
2026-01-26 13:11:09.222,-32,-491,-175
2026-01-26 13:11:09.272,-25,-485,-154
2026-01-26 13:11:09.319,-27,-500,-155
2026-01-26 13:11:09.367,-33,-495,-167
2026-01-26 13:11:09.415,-29,-493,-173
2026-01-26 13:11:09.462,-38,-497,-185
2026-01-26 13:11:09.462,-34,-491,-137
2026-01-26 13:11:09.514,-40,-487,-161
2026-01-26 13:11:09.562,-30,-486,-158
2026-01-26 13:11:09.610,-29,-504,-158
2026-01-26 13:11:09.659,-32,-476,-154
2026-01-26 13:11:09.706,-38,-493,-169
2026-01-26 13:11:09.706,-32,-495,-178
2026-01-26 13:11:09.808,-39,-492,-166
2026-01-26 13:11:09.809,-27,-488,-157
2026-01-26 13:11:09.854,-30,-487,-167
2026-01-26 13:11:09.903,-32,-495,-149
2026-01-26 13:11:09.953,-35,-494,-154
2026-01-26 13:11:09.954,-38,-492,-152
2026-01-26 13:11:10.001,-36,-493,-167
2026-01-26 13:11:10.048,-42,-487,-184
2026-01-26 13:11:10.098,-23,-493,-164
2026-01-26 13:11:10.146,-24,-491,-176
2026-01-26 13:11:10.195,-36,-491,-155
2026-01-26 13:11:10.196,-38,-486,-155
2026-01-26 13:11:10.294,-26,-490,-173
2026-01-26 13:11:10.295,-32,-485,-160
2026-01-26 13:11:10.342,-36,-488,-185
2026-01-26 13:11:10.390,-33,-488,-166
2026-01-26 13:11:10.391,-25,-492,-167
2026-01-26 13:11:10.440,-29,-495,-170
2026-01-26 13:11:10.490,-41,-494,-178
2026-01-26 13:11:10.537,-38,-499,-164
2026-01-26 13:11:10.585,-38,-497,-179
2026-01-26 13:11:10.633,-26,-484,-173
2026-01-26 13:11:10.634,-29,-497,-175
2026-01-26 13:11:10.681,-32,-495,-178
2026-01-26 13:11:10.732,-27,-485,-169
2026-01-26 13:11:10.781,-29,-483,-172
2026-01-26 13:11:10.830,-30,-499,-178
2026-01-26 13:11:10.876,-36,-490,-152
2026-01-26 13:11:10.877,-27,-494,-164
2026-01-26 13:11:10.927,-35,-488,-170
2026-01-26 13:11:10.975,-32,-490,-169
2026-01-26 13:11:11.025,-42,-495,-173
2026-01-26 13:11:11.074,-26,-494,-185
2026-01-26 13:11:11.122,-25,-493,-178
2026-01-26 13:11:11.123,-34,-495,-148
2026-01-26 13:11:11.171,-35,-490,-164
2026-01-26 13:11:11.220,-36,-497,-172
2026-01-26 13:11:11.268,-32,-492,-157
2026-01-26 13:11:11.317,-32,-491,-178
2026-01-26 13:11:11.365,-27,-482,-148
2026-01-26 13:11:11.366,-31,-485,-178
2026-01-26 13:11:11.415,-32,-483,-173
2026-01-26 13:11:11.462,-39,-494,-161
2026-01-26 13:11:11.511,-36,-492,-145
2026-01-26 13:11:11.559,-32,-496,-160
2026-01-26 13:11:11.609,-42,-484,-143
2026-01-26 13:11:11.610,-27,-490,-166
2026-01-26 13:11:11.658,-33,-493,-172
2026-01-26 13:11:11.708,-34,-491,-175
2026-01-26 13:11:11.756,-33,-496,-182
2026-01-26 13:11:11.805,-30,-488,-170
2026-01-26 13:11:11.806,-38,-479,-176
2026-01-26 13:11:11.853,-35,-502,-178
2026-01-26 13:11:11.903,-25,-483,-158
2026-01-26 13:11:11.951,-25,-491,-181
2026-01-26 13:11:12.000,-35,-491,-158
2026-01-26 13:11:12.048,-27,-491,-178
2026-01-26 13:11:12.049,-38,-500,-163
2026-01-26 13:11:12.097,-35,-492,-188
2026-01-26 13:11:12.146,-30,-479,-176
2026-01-26 13:11:12.195,-35,-494,-179
2026-01-26 13:11:12.246,-27,-484,-151
2026-01-26 13:11:12.291,-42,-493,-179
2026-01-26 13:11:12.291,-26,-487,-187
2026-01-26 13:11:12.341,-33,-484,-172
2026-01-26 13:11:12.390,-29,-499,-181
2026-01-26 13:11:12.438,-31,-488,-164
2026-01-26 13:11:12.487,-31,-497,-167
2026-01-26 13:11:12.535,-25,-491,-160
2026-01-26 13:11:12.536,-34,-497,-173
2026-01-26 13:11:12.584,-31,-485,-164
2026-01-26 13:11:12.633,-35,-492,-158
2026-01-26 13:11:12.681,-44,-497,-166
2026-01-26 13:11:12.730,-25,-499,-169
2026-01-26 13:11:12.776,-36,-484,-142
2026-01-26 13:11:12.778,-34,-493,-166
2026-01-26 13:11:12.828,-30,-491,-167
2026-01-26 13:11:12.877,-42,-491,-170
2026-01-26 13:11:12.925,-35,-491,-179
2026-01-26 13:11:12.974,-24,-491,-176
2026-01-26 13:11:13.023,-33,-490,-158
2026-01-26 13:11:13.024,-29,-482,-143
2026-01-26 13:11:13.072,-15,-486,-170
2026-01-26 13:11:13.122,-34,-476,-181
2026-01-26 13:11:13.171,-26,-490,-173
2026-01-26 13:11:13.218,-29,-495,-170
2026-01-26 13:11:13.268,-17,-483,-184
2026-01-26 13:11:13.268,-20,-495,-197
2026-01-26 13:11:13.314,-15,-490,-173
2026-01-26 13:11:13.365,-31,-491,-184
2026-01-26 13:11:13.414,-40,-494,-181
2026-01-26 13:11:13.462,-42,-481,-178
2026-01-26 13:11:13.463,-45,-477,-185
2026-01-26 13:11:13.511,-50,-477,-193
2026-01-26 13:11:13.557,-54,-486,-194
2026-01-26 13:11:13.607,-56,-474,-197
2026-01-26 13:11:13.655,-51,-485,-215
2026-01-26 13:11:13.706,-48,-465,-188
2026-01-26 13:11:13.707,-49,-475,-167
2026-01-26 13:11:13.804,-48,-491,-193
2026-01-26 13:11:13.805,-48,-486,-185
2026-01-26 13:11:13.850,-45,-466,-203
2026-01-26 13:11:13.901,-44,-484,-175
2026-01-26 13:11:13.949,-43,-493,-191
2026-01-26 13:11:13.950,-47,-487,-193
2026-01-26 13:11:13.998,-50,-479,-188
2026-01-26 13:11:14.096,-41,-474,-179
2026-01-26 13:11:14.097,-35,-491,-193
2026-01-26 13:11:14.144,-40,-492,-182
2026-01-26 13:11:14.195,-38,-478,-175
2026-01-26 13:11:14.196,-61,-485,-191
2026-01-26 13:11:14.243,-45,-478,-182
2026-01-26 13:11:14.289,-59,-486,-181
2026-01-26 13:11:14.341,-47,-490,-190
2026-01-26 13:11:14.389,-42,-490,-172
2026-01-26 13:11:14.436,-34,-477,-173
2026-01-26 13:11:14.437,-26,-477,-173
2026-01-26 13:11:14.487,-41,-486,-170
2026-01-26 13:11:14.534,-32,-482,-188
2026-01-26 13:11:14.583,-36,-484,-175
2026-01-26 13:11:14.631,-24,-492,-185
2026-01-26 13:11:14.632,-23,-485,-185
2026-01-26 13:11:14.681,-6,-484,-191
2026-01-26 13:11:14.730,-13,-487,-173
2026-01-26 13:11:14.779,-6,-503,-175
2026-01-26 13:11:14.827,-4,-504,-182
2026-01-26 13:11:14.874,-16,-497,-169
2026-01-26 13:11:14.876,-17,-491,-184
2026-01-26 13:11:14.923,-6,-496,-139
2026-01-26 13:11:15.019,-12,-468,-112
2026-01-26 13:11:15.022,-6,-479,-158
2026-01-26 13:11:15.071,4,-482,-182
2026-01-26 13:11:15.119,-8,-476,-178
2026-01-26 13:11:15.120,-26,-487,-187
2026-01-26 13:11:15.169,-25,-491,-175
2026-01-26 13:11:15.218,-21,-476,-127
2026-01-26 13:11:15.266,2,-512,-127
2026-01-26 13:11:15.317,40,-522,-152
2026-01-26 13:11:15.362,51,-501,-155
2026-01-26 13:11:15.363,43,-474,-146
2026-01-26 13:11:15.412,13,-467,-154
2026-01-26 13:11:15.460,1,-495,-151
2026-01-26 13:11:15.508,-29,-495,-167
2026-01-26 13:11:15.558,1,-485,-154
2026-01-26 13:11:15.605,24,-496,-166
2026-01-26 13:11:15.606,38,-499,-166
2026-01-26 13:11:15.654,47,-493,-172
2026-01-26 13:11:15.704,43,-499,-175
2026-01-26 13:11:15.752,31,-491,-182
2026-01-26 13:11:15.801,18,-476,-172
2026-01-26 13:11:15.850,11,-496,-182
2026-01-26 13:11:15.851,22,-495,-158
2026-01-26 13:11:15.900,27,-486,-166
2026-01-26 13:11:15.949,40,-496,-175
2026-01-26 13:11:15.998,46,-490,-166
2026-01-26 13:11:16.046,43,-490,-175
2026-01-26 13:11:16.047,28,-487,-178
2026-01-26 13:11:16.095,23,-485,-169
2026-01-26 13:11:16.145,33,-488,-178
2026-01-26 13:11:16.193,32,-491,-173
2026-01-26 13:11:16.240,38,-493,-151
2026-01-26 13:11:16.289,31,-499,-173
2026-01-26 13:11:16.290,38,-495,-155
2026-01-26 13:11:16.338,27,-491,-176
2026-01-26 13:11:16.386,24,-495,-161
2026-01-26 13:11:16.436,34,-493,-167
2026-01-26 13:11:16.487,38,-496,-155
2026-01-26 13:11:16.532,23,-483,-179
2026-01-26 13:11:16.586,24,-494,-191
2026-01-26 13:11:16.587,21,-499,-175
2026-01-26 13:11:16.630,29,-494,-194
2026-01-26 13:11:16.679,38,-490,-161
2026-01-26 13:11:16.729,33,-493,-163
2026-01-26 13:11:16.777,36,-495,-164
2026-01-26 13:11:16.778,18,-486,-170
2026-01-26 13:11:16.826,33,-493,-160
2026-01-26 13:11:16.873,29,-497,-164
2026-01-26 13:11:16.923,34,-486,-163
2026-01-26 13:11:16.971,30,-479,-158
2026-01-26 13:11:17.021,16,-492,-175
2026-01-26 13:11:17.022,28,-493,-161
2026-01-26 13:11:17.067,11,-493,-172
2026-01-26 13:11:17.116,15,-494,-170
2026-01-26 13:11:17.164,20,-488,-170
2026-01-26 13:11:17.219,12,-496,-166
2026-01-26 13:11:17.263,19,-499,-161
2026-01-26 13:11:17.264,19,-494,-155
2026-01-26 13:11:17.314,23,-493,-142
2026-01-26 13:11:17.363,25,-485,-161
2026-01-26 13:11:17.411,10,-493,-166
2026-01-26 13:11:17.459,20,-492,-154
2026-01-26 13:11:17.460,28,-504,-173
2026-01-26 13:11:17.508,24,-493,-179
2026-01-26 13:11:17.556,23,-476,-175
2026-01-26 13:11:17.606,27,-484,-170
2026-01-26 13:11:17.653,22,-504,-179
2026-01-26 13:11:17.702,19,-491,-176
2026-01-26 13:11:17.703,32,-481,-164
2026-01-26 13:11:17.755,24,-495,-155
2026-01-26 13:11:17.799,28,-476,-163
2026-01-26 13:11:17.851,28,-495,-155
2026-01-26 13:11:17.898,23,-496,-173
2026-01-26 13:11:17.948,13,-502,-173
2026-01-26 13:11:17.949,23,-490,-173
2026-01-26 13:11:17.996,28,-491,-173
2026-01-26 13:11:18.045,25,-491,-151
2026-01-26 13:11:18.093,37,-491,-160
2026-01-26 13:11:18.141,34,-493,-173
2026-01-26 13:11:18.190,27,-495,-169
2026-01-26 13:11:18.191,24,-494,-164
2026-01-26 13:11:18.239,15,-495,-179
2026-01-26 13:11:18.288,23,-501,-178
2026-01-26 13:11:18.387,19,-494,-185
2026-01-26 13:11:18.388,25,-491,-158
2026-01-26 13:11:18.433,36,-488,-167
2026-01-26 13:11:18.434,32,-493,-152
2026-01-26 13:11:18.483,28,-499,-169
2026-01-26 13:11:18.532,20,-485,-161
2026-01-26 13:11:18.581,19,-499,-173
2026-01-26 13:11:18.630,21,-481,-175
2026-01-26 13:11:18.678,30,-488,-160
2026-01-26 13:11:18.679,14,-493,-157
2026-01-26 13:11:18.728,38,-487,-181
2026-01-26 13:11:18.774,27,-482,-172
2026-01-26 13:11:18.825,21,-494,-178
2026-01-26 13:11:18.875,25,-493,-184
2026-01-26 13:11:18.876,31,-481,-166
2026-01-26 13:11:18.923,21,-492,-188
2026-01-26 13:11:18.970,23,-486,-169
2026-01-26 13:11:19.020,31,-493,-170
2026-01-26 13:11:19.069,22,-491,-170
2026-01-26 13:11:19.116,21,-479,-173
2026-01-26 13:11:19.117,31,-486,-163
2026-01-26 13:11:19.168,23,-497,-167
2026-01-26 13:11:19.214,31,-485,-185
2026-01-26 13:11:19.261,14,-485,-169
2026-01-26 13:11:19.309,27,-487,-160
2026-01-26 13:11:19.361,24,-492,-175
2026-01-26 13:11:19.362,34,-487,-179
2026-01-26 13:11:19.408,21,-494,-181
2026-01-26 13:11:19.459,34,-496,-169
2026-01-26 13:11:19.506,19,-493,-169
2026-01-26 13:11:19.558,22,-484,-149
2026-01-26 13:11:19.604,23,-493,-191
2026-01-26 13:11:19.605,32,-495,-181
2026-01-26 13:11:19.650,23,-477,-179
2026-01-26 13:11:19.703,29,-484,-167
2026-01-26 13:11:19.750,38,-485,-161
2026-01-26 13:11:19.801,32,-484,-179
2026-01-26 13:11:19.849,30,-484,-190
2026-01-26 13:11:19.849,25,-500,-185
2026-01-26 13:11:19.946,16,-478,-148
2026-01-26 13:11:19.947,25,-497,-163
2026-01-26 13:11:19.994,22,-497,-187
2026-01-26 13:11:20.043,27,-493,-161
2026-01-26 13:11:20.044,22,-492,-172
2026-01-26 13:11:20.091,30,-488,-160
2026-01-26 13:11:20.141,16,-490,-175
2026-01-26 13:11:20.190,13,-485,-184
2026-01-26 13:11:20.241,24,-518,-204
2026-01-26 13:11:20.286,19,-521,-166
2026-01-26 13:11:20.289,-21,-509,-90
2026-01-26 13:11:20.335,-24,-565,-108
2026-01-26 13:11:20.384,20,-506,-5
2026-01-26 13:11:20.437,-3,-572,-3
2026-01-26 13:11:20.481,5,-527,0
2026-01-26 13:11:20.531,48,-413,174
2026-01-26 13:11:20.532,78,-318,241
2026-01-26 13:11:20.579,84,-339,256
2026-01-26 13:11:20.628,71,-396,210
2026-01-26 13:11:20.676,54,-482,244
2026-01-26 13:11:20.726,46,-429,338
2026-01-26 13:11:20.775,-13,-344,380
2026-01-26 13:11:20.776,-40,-339,419
2026-01-26 13:11:20.822,-23,-367,365
2026-01-26 13:11:20.872,-5,-404,313
2026-01-26 13:11:20.920,-2,-421,352
2026-01-26 13:11:20.969,10,-402,358
2026-01-26 13:11:21.017,0,-380,332
2026-01-26 13:11:21.018,-14,-379,355
2026-01-26 13:11:21.065,-24,-383,353
2026-01-26 13:11:21.116,-23,-377,352
2026-01-26 13:11:21.164,-15,-378,362
2026-01-26 13:11:21.213,-16,-374,349
2026-01-26 13:11:21.261,-14,-384,341
2026-01-26 13:11:21.261,-6,-375,355
2026-01-26 13:11:21.311,-5,-383,358
2026-01-26 13:11:21.357,-5,-381,343
2026-01-26 13:11:21.407,-14,-372,332
2026-01-26 13:11:21.455,-21,-371,349
2026-01-26 13:11:21.456,-34,-356,362
2026-01-26 13:11:21.507,-11,-367,346
2026-01-26 13:11:21.554,-14,-376,343
2026-01-26 13:11:21.605,-7,-383,332
2026-01-26 13:11:21.698,-26,-379,358
2026-01-26 13:11:21.698,-18,-377,347
2026-01-26 13:11:21.699,-9,-380,346
2026-01-26 13:11:21.751,-12,-374,355
2026-01-26 13:11:21.797,-14,-380,355
2026-01-26 13:11:21.847,-14,-386,353
2026-01-26 13:11:21.896,-27,-376,350
2026-01-26 13:11:21.946,-5,-370,344
2026-01-26 13:11:21.947,-17,-380,358
2026-01-26 13:11:21.995,-22,-367,340
2026-01-26 13:11:22.042,-29,-365,349
2026-01-26 13:11:22.091,-23,-369,359
2026-01-26 13:11:22.140,-26,-362,359
2026-01-26 13:11:22.187,-7,-378,364
2026-01-26 13:11:22.188,-6,-381,352
2026-01-26 13:11:22.237,-26,-370,353
2026-01-26 13:11:22.286,-21,-368,355
2026-01-26 13:11:22.384,-16,-376,356
2026-01-26 13:11:22.385,-17,-374,368
2026-01-26 13:11:22.431,-22,-369,365
2026-01-26 13:11:22.432,-16,-380,364
2026-01-26 13:11:22.480,-14,-381,347
2026-01-26 13:11:22.530,-20,-380,347
2026-01-26 13:11:22.578,-7,-367,350
2026-01-26 13:11:22.626,-11,-370,343
2026-01-26 13:11:22.676,-17,-378,350
2026-01-26 13:11:22.677,0,-379,344
2026-01-26 13:11:22.724,-14,-372,356
2026-01-26 13:11:22.773,-5,-370,364
2026-01-26 13:11:22.822,-22,-374,337
2026-01-26 13:11:22.869,-16,-366,362
2026-01-26 13:11:22.869,-23,-372,343
2026-01-26 13:11:22.920,-11,-384,338
2026-01-26 13:11:22.966,-14,-369,353
2026-01-26 13:11:23.016,-18,-384,361
2026-01-26 13:11:23.066,-16,-378,347
2026-01-26 13:11:23.114,-5,-385,364
2026-01-26 13:11:23.116,-14,-376,359
2026-01-26 13:11:23.163,-16,-374,353
2026-01-26 13:11:23.211,-15,-371,347
2026-01-26 13:11:23.261,-11,-372,362
2026-01-26 13:11:23.308,-11,-383,350
2026-01-26 13:11:23.408,-17,-383,337
2026-01-26 13:11:23.409,-21,-379,347
2026-01-26 13:11:23.409,-22,-379,371
2026-01-26 13:11:23.455,-20,-374,362
2026-01-26 13:11:23.505,-13,-374,364
2026-01-26 13:11:23.554,-13,-372,349
2026-01-26 13:11:23.600,-23,-386,365
2026-01-26 13:11:23.600,-22,-375,353
2026-01-26 13:11:23.650,-20,-375,352
2026-01-26 13:11:23.700,-22,-369,359
2026-01-26 13:11:23.746,-21,-389,344
2026-01-26 13:11:23.796,-18,-383,355
2026-01-26 13:11:23.843,-25,-370,356
2026-01-26 13:11:23.844,-13,-383,352
2026-01-26 13:11:23.896,-22,-386,340
2026-01-26 13:11:23.944,-16,-376,346
2026-01-26 13:11:23.992,-16,-384,364
2026-01-26 13:11:24.043,-4,-375,355
2026-01-26 13:11:24.089,-29,-377,340
2026-01-26 13:11:24.090,-12,-371,344
2026-01-26 13:11:24.139,-12,-383,362
2026-01-26 13:11:24.187,-5,-367,356
2026-01-26 13:11:24.236,-27,-377,353
2026-01-26 13:11:24.283,-7,-377,338
2026-01-26 13:11:24.285,-16,-370,346
2026-01-26 13:11:24.334,-25,-376,332
2026-01-26 13:11:24.383,-11,-376,350
2026-01-26 13:11:24.432,-3,-378,370
2026-01-26 13:11:24.480,-8,-383,356
2026-01-26 13:11:24.530,-25,-378,346
2026-01-26 13:11:24.531,-11,-385,340
2026-01-26 13:11:24.576,-13,-386,344
2026-01-26 13:11:24.627,-17,-370,359
2026-01-26 13:11:24.675,-23,-383,353
2026-01-26 13:11:24.724,-25,-367,361
2026-01-26 13:11:24.771,-24,-372,349
2026-01-26 13:11:24.772,-4,-356,349
2026-01-26 13:11:24.820,-18,-393,337
2026-01-26 13:11:24.870,-6,-375,341
2026-01-26 13:11:24.918,-21,-363,341
2026-01-26 13:11:24.966,-24,-383,352
2026-01-26 13:11:25.066,-20,-372,341
2026-01-26 13:11:25.067,-14,-380,352
2026-01-26 13:11:25.113,-6,-377,361
2026-01-26 13:11:25.161,-34,-368,344
2026-01-26 13:11:25.161,-17,-374,349
2026-01-26 13:11:25.210,-13,-379,341
2026-01-26 13:11:25.259,-20,-383,344
2026-01-26 13:11:25.260,-11,-380,349
2026-01-26 13:11:25.309,-24,-374,364
2026-01-26 13:11:25.407,-31,-374,362
2026-01-26 13:11:25.408,-17,-371,349
2026-01-26 13:11:25.454,-15,-381,361
2026-01-26 13:11:25.503,-11,-375,341
2026-01-26 13:11:25.504,-7,-377,350
2026-01-26 13:11:25.602,-22,-377,356
2026-01-26 13:11:25.603,-35,-380,361
2026-01-26 13:11:25.649,-20,-385,362
2026-01-26 13:11:25.695,-9,-383,344
2026-01-26 13:11:25.696,-23,-376,335
2026-01-26 13:11:25.746,-22,-376,350
2026-01-26 13:11:25.794,-20,-372,355
2026-01-26 13:11:25.843,-16,-369,346
2026-01-26 13:11:25.893,-7,-372,349
2026-01-26 13:11:25.940,-30,-380,350
2026-01-26 13:11:25.941,-14,-376,356
2026-01-26 13:11:25.992,-27,-387,359
2026-01-26 13:11:26.089,-27,-366,347
2026-01-26 13:11:26.090,-18,-371,358
2026-01-26 13:11:26.137,-14,-384,362
2026-01-26 13:11:26.186,-14,-383,353
2026-01-26 13:11:26.187,-20,-383,358
2026-01-26 13:11:26.236,-8,-377,344
2026-01-26 13:11:26.283,-18,-378,355
2026-01-26 13:11:26.332,-18,-386,341
2026-01-26 13:11:26.382,-5,-381,356
2026-01-26 13:11:26.429,-17,-385,349
2026-01-26 13:11:26.430,-20,-381,343
2026-01-26 13:11:26.477,-22,-384,353
2026-01-26 13:11:26.527,-11,-374,344
2026-01-26 13:11:26.576,-24,-380,350
2026-01-26 13:11:26.625,-7,-381,346
2026-01-26 13:11:26.672,-25,-384,338
2026-01-26 13:11:26.672,-20,-377,343
2026-01-26 13:11:26.721,-17,-374,347
2026-01-26 13:11:26.769,-22,-380,334
2026-01-26 13:11:26.819,-22,-389,340
2026-01-26 13:11:26.869,-9,-371,358
2026-01-26 13:11:26.916,-23,-385,344
2026-01-26 13:11:26.917,-7,-384,338
2026-01-26 13:11:26.965,-8,-376,359
2026-01-26 13:11:27.014,-30,-383,343
2026-01-26 13:11:27.062,-5,-388,329
2026-01-26 13:11:27.110,-30,-380,349
2026-01-26 13:11:27.111,-22,-378,341
2026-01-26 13:11:27.161,-15,-383,355
2026-01-26 13:11:27.210,-17,-374,341
2026-01-26 13:11:27.259,-7,-380,347
2026-01-26 13:11:27.307,-24,-377,356
2026-01-26 13:11:27.355,-30,-374,344
2026-01-26 13:11:27.356,-7,-379,341
2026-01-26 13:11:27.404,-20,-378,349
2026-01-26 13:11:27.455,-11,-388,334
2026-01-26 13:11:27.502,-18,-365,347
2026-01-26 13:11:27.551,-17,-384,344
2026-01-26 13:11:27.599,-12,-378,343
2026-01-26 13:11:27.600,-14,-377,349
2026-01-26 13:11:27.647,-25,-387,352
2026-01-26 13:11:27.697,-21,-381,359
2026-01-26 13:11:27.746,-25,-378,338
2026-01-26 13:11:27.794,-15,-372,367
2026-01-26 13:11:27.840,-22,-374,344
2026-01-26 13:11:27.841,-12,-376,358
2026-01-26 13:11:27.890,-23,-374,355
2026-01-26 13:11:27.939,-20,-381,347
2026-01-26 13:11:27.989,-11,-383,347
2026-01-26 13:11:28.039,-22,-383,346
2026-01-26 13:11:28.089,-5,-380,341
2026-01-26 13:11:28.090,-16,-374,341
2026-01-26 13:11:28.136,-17,-376,337
2026-01-26 13:11:28.184,-7,-385,350
2026-01-26 13:11:28.233,-13,-380,337
2026-01-26 13:11:28.281,-22,-369,361
2026-01-26 13:11:28.331,-22,-384,349
2026-01-26 13:11:28.332,-29,-377,353
2026-01-26 13:11:28.380,-16,-381,349
2026-01-26 13:11:28.429,-3,-393,347
2026-01-26 13:11:28.526,-21,-381,329
2026-01-26 13:11:28.527,-18,-387,355
2026-01-26 13:11:28.527,-17,-377,350
2026-01-26 13:11:28.575,-17,-375,356
2026-01-26 13:11:28.623,-21,-376,364
2026-01-26 13:11:28.673,-16,-385,356
2026-01-26 13:11:28.722,-23,-384,350
2026-01-26 13:11:28.769,-17,-372,362
2026-01-26 13:11:28.770,-17,-375,350
2026-01-26 13:11:28.819,-23,-379,353
2026-01-26 13:11:28.866,-5,-374,356
2026-01-26 13:11:28.915,-24,-369,329
2026-01-26 13:11:28.965,-23,-384,359
2026-01-26 13:11:29.013,-17,-376,340
2026-01-26 13:11:29.014,-25,-378,364
2026-01-26 13:11:29.062,-26,-384,346
2026-01-26 13:11:29.161,-18,-383,353
2026-01-26 13:11:29.162,-12,-378,361
2026-01-26 13:11:29.210,-17,-376,350
2026-01-26 13:11:29.258,-7,-372,335
2026-01-26 13:11:29.258,-24,-380,350
2026-01-26 13:11:29.307,-24,-377,331
2026-01-26 13:11:29.356,-30,-374,344
2026-01-26 13:11:29.408,-26,-375,350
2026-01-26 13:11:29.453,-3,-374,355
2026-01-26 13:11:29.500,-21,-383,347
2026-01-26 13:11:29.500,-23,-377,346
2026-01-26 13:11:29.548,-22,-379,353
2026-01-26 13:11:29.599,-25,-374,355
2026-01-26 13:11:29.646,-13,-380,353
2026-01-26 13:11:29.695,-18,-380,337
2026-01-26 13:11:29.743,-14,-380,359
2026-01-26 13:11:29.744,-14,-374,352
2026-01-26 13:11:29.793,-13,-376,364
2026-01-26 13:11:29.842,-20,-385,340
2026-01-26 13:11:29.888,-21,-375,344
2026-01-26 13:11:29.938,-9,-374,341
2026-01-26 13:11:29.938,-17,-375,344
2026-01-26 13:11:29.987,-22,-374,344
2026-01-26 13:11:30.035,-18,-378,340
2026-01-26 13:11:30.084,-20,-376,337
2026-01-26 13:11:30.135,-29,-379,349
2026-01-26 13:11:30.183,-17,-384,347
2026-01-26 13:11:30.184,-7,-383,358
2026-01-26 13:11:30.232,-27,-379,343
2026-01-26 13:11:30.279,-11,-383,347
2026-01-26 13:11:30.329,-13,-374,347
2026-01-26 13:11:30.378,-25,-375,350
2026-01-26 13:11:30.427,-21,-378,356
2026-01-26 13:11:30.428,-33,-376,365
2026-01-26 13:11:30.476,-27,-390,341
2026-01-26 13:11:30.524,-26,-379,343
2026-01-26 13:11:30.574,-26,-377,335
2026-01-26 13:11:30.622,-13,-383,353
2026-01-26 13:11:30.670,-20,-379,352
2026-01-26 13:11:30.671,-21,-378,346
2026-01-26 13:11:30.720,-22,-380,352
2026-01-26 13:11:30.769,-17,-390,341
2026-01-26 13:11:30.817,-9,-390,337
2026-01-26 13:11:30.866,-20,-378,349
2026-01-26 13:11:30.913,-6,-386,343
2026-01-26 13:11:30.914,-14,-375,346
2026-01-26 13:11:30.964,-16,-376,344
2026-01-26 13:11:31.012,-12,-374,349
2026-01-26 13:11:31.061,-15,-383,358
2026-01-26 13:11:31.110,-16,-379,329
2026-01-26 13:11:31.159,-8,-379,338
2026-01-26 13:11:31.160,-15,-384,355
2026-01-26 13:11:31.209,-14,-375,341
2026-01-26 13:11:31.257,-12,-385,346
2026-01-26 13:11:31.306,-13,-384,346
2026-01-26 13:11:31.353,-23,-381,346
2026-01-26 13:11:31.354,-22,-380,355
2026-01-26 13:11:31.402,-16,-390,352
2026-01-26 13:11:31.451,-12,-375,350
2026-01-26 13:11:31.500,-12,-378,356
2026-01-26 13:11:31.548,-8,-379,350
2026-01-26 13:11:31.595,-23,-375,329
2026-01-26 13:11:31.596,-13,-379,352
2026-01-26 13:11:31.645,-32,-380,358
2026-01-26 13:11:31.695,-27,-376,341
2026-01-26 13:11:31.745,-13,-378,352
2026-01-26 13:11:31.792,-15,-380,341
2026-01-26 13:11:31.840,-30,-377,353
2026-01-26 13:11:31.840,-9,-379,361
2026-01-26 13:11:31.888,-20,-385,352
2026-01-26 13:11:31.937,-22,-383,340
2026-01-26 13:11:31.986,-20,-384,347
2026-01-26 13:11:32.036,-11,-386,358
2026-01-26 13:11:32.084,-23,-390,362
2026-01-26 13:11:32.084,-14,-379,359
2026-01-26 13:11:32.133,-15,-385,355
2026-01-26 13:11:32.180,-14,-379,353
2026-01-26 13:11:32.228,-14,-375,343
2026-01-26 13:11:32.278,-17,-378,355
2026-01-26 13:11:32.330,-21,-375,349
2026-01-26 13:11:32.331,-18,-368,340
2026-01-26 13:11:32.379,-16,-375,346
2026-01-26 13:11:32.426,-23,-377,337
2026-01-26 13:11:32.475,-27,-389,340
2026-01-26 13:11:32.525,-20,-386,344
2026-01-26 13:11:32.526,-25,-374,340
2026-01-26 13:11:32.573,-26,-380,343
2026-01-26 13:11:32.622,-14,-380,356
2026-01-26 13:11:32.670,-15,-369,352
2026-01-26 13:11:32.718,-25,-384,358
2026-01-26 13:11:32.767,-26,-374,331
2026-01-26 13:11:32.768,-29,-379,340
2026-01-26 13:11:32.815,-24,-378,359
2026-01-26 13:11:32.865,-14,-379,346
2026-01-26 13:11:32.915,-14,-374,344
2026-01-26 13:11:32.963,-23,-381,352
2026-01-26 13:11:33.008,-24,-387,361
2026-01-26 13:11:33.009,-15,-380,326
2026-01-26 13:11:33.059,-20,-383,335
2026-01-26 13:11:33.109,-23,-380,359
2026-01-26 13:11:33.157,-13,-380,350
2026-01-26 13:11:33.206,-14,-380,350
2026-01-26 13:11:33.254,-32,-376,337
2026-01-26 13:11:33.255,-23,-381,347
2026-01-26 13:11:33.303,-20,-378,350
2026-01-26 13:11:33.352,-23,-384,350
2026-01-26 13:11:33.400,-29,-387,346
2026-01-26 13:11:33.451,-22,-379,362
2026-01-26 13:11:33.499,-23,-380,355
2026-01-26 13:11:33.500,-24,-376,338
2026-01-26 13:11:33.548,-18,-386,347
2026-01-26 13:11:33.596,-26,-383,344
2026-01-26 13:11:33.645,-22,-379,344
2026-01-26 13:11:33.693,-13,-372,335
2026-01-26 13:11:33.741,-12,-384,352
2026-01-26 13:11:33.742,-13,-378,344
2026-01-26 13:11:33.791,-20,-377,343
2026-01-26 13:11:33.839,-22,-380,358
2026-01-26 13:11:33.888,-27,-379,340
2026-01-26 13:11:33.936,-21,-379,344
2026-01-26 13:11:33.937,-26,-371,365
2026-01-26 13:11:33.984,-23,-377,335
2026-01-26 13:11:34.034,-25,-377,343
2026-01-26 13:11:34.082,-18,-387,334
2026-01-26 13:11:34.131,-17,-394,349
2026-01-26 13:11:34.183,-22,-384,328
2026-01-26 13:11:34.184,-35,-384,341
2026-01-26 13:11:34.230,-8,-379,340
2026-01-26 13:11:34.278,-12,-383,361
2026-01-26 13:11:34.325,-17,-387,335
2026-01-26 13:11:34.374,-17,-376,341
2026-01-26 13:11:34.425,-9,-379,349
2026-01-26 13:11:34.427,-6,-388,344
2026-01-26 13:11:34.472,-23,-378,353
2026-01-26 13:11:34.571,-31,-379,334
2026-01-26 13:11:34.572,-13,-380,364
2026-01-26 13:11:34.620,-8,-374,356
2026-01-26 13:11:34.668,-14,-385,346
2026-01-26 13:11:34.669,-22,-380,350
2026-01-26 13:11:34.716,-24,-395,343
2026-01-26 13:11:34.766,-8,-392,344
2026-01-26 13:11:34.815,-16,-389,343
2026-01-26 13:11:34.863,-14,-379,335
2026-01-26 13:11:34.912,-26,-374,353
2026-01-26 13:11:34.913,-23,-383,338
2026-01-26 13:11:34.964,-14,-379,335
2026-01-26 13:11:35.010,-17,-378,337
2026-01-26 13:11:35.058,-29,-376,338
2026-01-26 13:11:35.108,-16,-387,358
2026-01-26 13:11:35.154,-29,-379,358
2026-01-26 13:11:35.155,-5,-372,344
2026-01-26 13:11:35.205,-14,-379,353
2026-01-26 13:11:35.254,-21,-380,353
2026-01-26 13:11:35.305,-17,-374,344
2026-01-26 13:11:35.352,-21,-375,353
2026-01-26 13:11:35.353,-14,-384,355
2026-01-26 13:11:35.401,-21,-375,343
2026-01-26 13:11:35.448,-15,-378,365
2026-01-26 13:11:35.498,-20,-370,329
2026-01-26 13:11:35.546,-26,-381,337
2026-01-26 13:11:35.595,-20,-378,347
2026-01-26 13:11:35.596,-26,-378,343
2026-01-26 13:11:35.644,-33,-387,346
2026-01-26 13:11:35.692,-25,-385,337
2026-01-26 13:11:35.739,-15,-383,349
2026-01-26 13:11:35.790,-23,-383,349
2026-01-26 13:11:35.837,-14,-377,340
2026-01-26 13:11:35.838,-14,-380,331
2026-01-26 13:11:35.888,-25,-375,334
2026-01-26 13:11:35.935,-15,-380,328
2026-01-26 13:11:35.983,-9,-378,347
2026-01-26 13:11:36.031,-31,-370,347
2026-01-26 13:11:36.081,-23,-381,359
2026-01-26 13:11:36.082,-21,-377,344
2026-01-26 13:11:36.131,-18,-381,352
2026-01-26 13:11:36.184,-31,-377,335
2026-01-26 13:11:36.229,-21,-375,344
2026-01-26 13:11:36.277,-17,-386,344
2026-01-26 13:11:36.325,-17,-378,344
2026-01-26 13:11:36.326,-9,-378,329
2026-01-26 13:11:36.375,-14,-377,344
2026-01-26 13:11:36.422,-23,-390,349
2026-01-26 13:11:36.472,-21,-379,349
2026-01-26 13:11:36.518,-18,-378,371
2026-01-26 13:11:36.567,-5,-369,359
2026-01-26 13:11:36.568,-13,-378,359
2026-01-26 13:11:36.617,-24,-372,335
2026-01-26 13:11:36.666,-30,-380,355
2026-01-26 13:11:36.715,-24,-381,353
2026-01-26 13:11:36.763,-22,-384,340
2026-01-26 13:11:36.764,-15,-372,335
2026-01-26 13:11:36.814,-18,-384,326
2026-01-26 13:11:36.862,-15,-375,364
2026-01-26 13:11:36.911,-12,-378,350
2026-01-26 13:11:36.959,-13,-378,343
2026-01-26 13:11:37.007,-21,-377,347
2026-01-26 13:11:37.008,-17,-385,343
2026-01-26 13:11:37.058,-16,-378,356
2026-01-26 13:11:37.106,-9,-389,349
2026-01-26 13:11:37.154,-13,-377,364
2026-01-26 13:11:37.203,-22,-385,346
2026-01-26 13:11:37.253,-11,-372,353
2026-01-26 13:11:37.254,-20,-375,347
2026-01-26 13:11:37.351,-33,-386,326
2026-01-26 13:11:37.352,-22,-378,350
2026-01-26 13:11:37.398,-16,-385,356
2026-01-26 13:11:37.447,-14,-375,337
2026-01-26 13:11:37.495,-22,-378,352
2026-01-26 13:11:37.496,-6,-385,353
2026-01-26 13:11:37.594,1,-383,350
2026-01-26 13:11:37.595,-4,-377,338
2026-01-26 13:11:37.641,-20,-388,355
2026-01-26 13:11:37.691,-12,-385,358
2026-01-26 13:11:37.739,-12,-380,350
2026-01-26 13:11:37.740,-21,-366,353
2026-01-26 13:11:37.789,-18,-383,358
2026-01-26 13:11:37.837,-29,-384,352
2026-01-26 13:11:37.885,-16,-378,340
2026-01-26 13:11:37.936,-18,-374,340
2026-01-26 13:11:37.983,-11,-375,349
2026-01-26 13:11:37.984,-30,-375,343
2026-01-26 13:11:38.030,-15,-378,349
2026-01-26 13:11:38.080,-11,-378,353
2026-01-26 13:11:38.129,-12,-372,334
2026-01-26 13:11:38.178,-23,-380,350
2026-01-26 13:11:38.179,-17,-384,335
2026-01-26 13:11:38.227,-6,-381,340
2026-01-26 13:11:38.275,-22,-372,352
2026-01-26 13:11:38.324,-8,-378,332
2026-01-26 13:11:38.374,-17,-384,352
2026-01-26 13:11:38.422,-24,-378,358
2026-01-26 13:11:38.422,-16,-376,346
2026-01-26 13:11:38.471,-33,-381,352
2026-01-26 13:11:38.520,-16,-376,329
2026-01-26 13:11:38.570,-16,-383,347
2026-01-26 13:11:38.616,-21,-380,350
2026-01-26 13:11:38.664,-17,-383,346
2026-01-26 13:11:38.664,-15,-369,355
2026-01-26 13:11:38.712,-23,-377,338
2026-01-26 13:11:38.762,-17,-381,355
2026-01-26 13:11:38.811,-13,-378,361
2026-01-26 13:11:38.860,-17,-368,358
2026-01-26 13:11:38.909,-18,-368,352
2026-01-26 13:11:38.910,-16,-383,352
2026-01-26 13:11:38.959,-17,-369,367
2026-01-26 13:11:39.008,-23,-385,347
2026-01-26 13:11:39.056,-17,-374,349
2026-01-26 13:11:39.105,-12,-383,356
2026-01-26 13:11:39.153,-16,-377,346
2026-01-26 13:11:39.154,-18,-385,344
2026-01-26 13:11:39.204,-29,-383,347
2026-01-26 13:11:39.251,-23,-385,347
2026-01-26 13:11:39.299,-13,-381,356
2026-01-26 13:11:39.349,-20,-380,359
2026-01-26 13:11:39.395,-26,-378,344
2026-01-26 13:11:39.395,-33,-374,347
2026-01-26 13:11:39.446,-26,-378,331
2026-01-26 13:11:39.496,-21,-374,340
2026-01-26 13:11:39.545,-22,-383,340
2026-01-26 13:11:39.593,-6,-371,337
2026-01-26 13:11:39.594,-21,-377,361
2026-01-26 13:11:39.645,-32,-371,347
2026-01-26 13:11:39.690,-15,-392,358
2026-01-26 13:11:39.740,-30,-374,352
2026-01-26 13:11:39.789,-24,-375,344
2026-01-26 13:11:39.835,-18,-376,352
2026-01-26 13:11:39.836,-16,-377,343
2026-01-26 13:11:39.884,-5,-376,340
2026-01-26 13:11:39.933,-26,-376,358
2026-01-26 13:11:39.980,-6,-379,361
2026-01-26 13:11:40.031,-9,-376,355
2026-01-26 13:11:40.079,-27,-378,343
2026-01-26 13:11:40.080,-17,-376,338
2026-01-26 13:11:40.126,-25,-388,350
2026-01-26 13:11:40.177,-27,-378,347
2026-01-26 13:11:40.226,-22,-378,358
2026-01-26 13:11:40.277,-15,-370,353
2026-01-26 13:11:40.322,-24,-385,344
2026-01-26 13:11:40.323,-8,-387,350
2026-01-26 13:11:40.371,-12,-375,350
2026-01-26 13:11:40.421,-23,-386,347
2026-01-26 13:11:40.469,-7,-376,359
2026-01-26 13:11:40.519,-17,-374,347
2026-01-26 13:11:40.565,-18,-380,349
2026-01-26 13:11:40.566,-16,-378,344
2026-01-26 13:11:40.617,-8,-375,343
2026-01-26 13:11:40.714,-27,-384,340
2026-01-26 13:11:40.716,-15,-379,337
2026-01-26 13:11:40.762,-9,-380,361
2026-01-26 13:11:40.762,-27,-376,365
2026-01-26 13:11:40.809,-17,-384,346
2026-01-26 13:11:40.858,-30,-383,349
2026-01-26 13:11:40.907,-12,-374,347
2026-01-26 13:11:40.956,-25,-365,350
2026-01-26 13:11:41.006,-22,-383,326
2026-01-26 13:11:41.007,-30,-379,335
2026-01-26 13:11:41.055,-17,-378,343
2026-01-26 13:11:41.103,-14,-385,353
2026-01-26 13:11:41.152,-6,-375,334
2026-01-26 13:11:41.200,-8,-370,346
2026-01-26 13:11:41.249,-24,-381,337
2026-01-26 13:11:41.250,-22,-381,341
2026-01-26 13:11:41.298,-25,-381,328
2026-01-26 13:11:41.348,-20,-386,344
2026-01-26 13:11:41.397,-15,-387,347
2026-01-26 13:11:41.446,-15,-380,337
2026-01-26 13:11:41.493,0,-378,352
2026-01-26 13:11:41.494,-14,-376,352
2026-01-26 13:11:41.542,-29,-378,353
2026-01-26 13:11:41.594,-9,-383,347
2026-01-26 13:11:41.640,-9,-381,356
2026-01-26 13:11:41.688,-17,-389,334
2026-01-26 13:11:41.737,-15,-379,312
2026-01-26 13:11:41.738,-11,-380,349
2026-01-26 13:11:41.786,-14,-393,347
2026-01-26 13:11:41.833,-18,-372,346
2026-01-26 13:11:41.883,-9,-383,337
2026-01-26 13:11:41.931,-18,-372,341
2026-01-26 13:11:41.981,-26,-385,340
2026-01-26 13:11:41.982,-11,-370,353
2026-01-26 13:11:42.029,-2,-377,343
2026-01-26 13:11:42.080,-18,-376,335
2026-01-26 13:11:42.126,-16,-378,355
2026-01-26 13:11:42.173,-12,-388,358
2026-01-26 13:11:42.174,-8,-372,355
2026-01-26 13:11:42.223,-12,-377,334
2026-01-26 13:11:42.273,-12,-372,359
2026-01-26 13:11:42.322,-6,-383,359
2026-01-26 13:11:42.370,-11,-386,346
2026-01-26 13:11:42.419,-21,-386,335
2026-01-26 13:11:42.420,-4,-384,334
2026-01-26 13:11:42.469,-23,-387,371
2026-01-26 13:11:42.517,-14,-380,340
2026-01-26 13:11:42.567,-15,-387,343
2026-01-26 13:11:42.665,-9,-379,349
2026-01-26 13:11:42.666,-12,-389,352
2026-01-26 13:11:42.667,-4,-390,347
2026-01-26 13:11:42.712,-17,-383,341
2026-01-26 13:11:42.760,-21,-383,334
2026-01-26 13:11:42.809,-20,-375,329
2026-01-26 13:11:42.858,-3,-376,358
2026-01-26 13:11:42.906,-11,-379,347
2026-01-26 13:11:42.954,-15,-381,349
2026-01-26 13:11:42.955,-32,-385,346
2026-01-26 13:11:43.004,-23,-390,343
2026-01-26 13:11:43.051,5,-375,356
2026-01-26 13:11:43.100,1,-381,340
2026-01-26 13:11:43.151,-11,-376,350
2026-01-26 13:11:43.151,-26,-389,331
2026-01-26 13:11:43.200,-22,-386,343
2026-01-26 13:11:43.249,-27,-379,352
2026-01-26 13:11:43.301,-20,-384,334
2026-01-26 13:11:43.348,-24,-376,346
2026-01-26 13:11:43.444,-22,-375,359
2026-01-26 13:11:43.445,-21,-379,347
2026-01-26 13:11:43.446,-15,-376,347
2026-01-26 13:11:43.491,-15,-387,356
2026-01-26 13:11:43.541,-21,-383,331
2026-01-26 13:11:43.590,-14,-374,359
2026-01-26 13:11:43.591,-16,-384,341
2026-01-26 13:11:43.638,-20,-379,343
2026-01-26 13:11:43.687,-20,-376,352
2026-01-26 13:11:43.736,-9,-378,352
2026-01-26 13:11:43.786,-23,-388,349
2026-01-26 13:11:43.833,-17,-387,340
2026-01-26 13:11:43.834,-9,-383,338
2026-01-26 13:11:43.882,-15,-387,326
2026-01-26 13:11:43.931,-21,-378,349
2026-01-26 13:11:43.980,-18,-369,349
2026-01-26 13:11:44.028,-15,-377,343
2026-01-26 13:11:44.076,-22,-379,356
2026-01-26 13:11:44.077,-7,-376,352
2026-01-26 13:11:44.126,-22,-384,353
2026-01-26 13:11:44.173,-9,-375,338
2026-01-26 13:11:44.222,-16,-378,353
2026-01-26 13:11:44.272,-25,-375,373
2026-01-26 13:11:44.320,-24,-381,353
2026-01-26 13:11:44.321,-18,-376,337
2026-01-26 13:11:44.373,-17,-386,347
2026-01-26 13:11:44.419,-21,-387,352
2026-01-26 13:11:44.468,-13,-380,347
2026-01-26 13:11:44.516,-8,-385,332
2026-01-26 13:11:44.564,-21,-386,350
2026-01-26 13:11:44.565,-18,-376,344
2026-01-26 13:11:44.613,-14,-377,334
2026-01-26 13:11:44.663,-17,-389,340
2026-01-26 13:11:44.711,-17,-384,362
2026-01-26 13:11:44.760,-12,-377,337
2026-01-26 13:11:44.809,-24,-388,338
2026-01-26 13:11:44.810,-21,-392,352
2026-01-26 13:11:44.857,-8,-380,337
2026-01-26 13:11:44.906,-13,-381,335
2026-01-26 13:11:44.956,-21,-378,358
2026-01-26 13:11:45.053,-21,-386,359
2026-01-26 13:11:45.054,-9,-387,334
2026-01-26 13:11:45.055,-16,-378,349
2026-01-26 13:11:45.104,-8,-378,341
2026-01-26 13:11:45.149,-7,-375,350
2026-01-26 13:11:45.198,-15,-385,332
2026-01-26 13:11:45.246,-16,-380,340
2026-01-26 13:11:45.248,-15,-390,334
2026-01-26 13:11:45.296,-21,-381,344
2026-01-26 13:11:45.344,-13,-375,334
2026-01-26 13:11:45.393,-14,-386,341
2026-01-26 13:11:45.440,-15,-377,358
2026-01-26 13:11:45.490,-20,-392,358
2026-01-26 13:11:45.491,-18,-381,340
2026-01-26 13:11:45.540,-31,-379,359
2026-01-26 13:11:45.590,-18,-380,353
2026-01-26 13:11:45.638,-12,-393,353
2026-01-26 13:11:45.685,-13,-377,353
2026-01-26 13:11:45.733,-15,-386,337
2026-01-26 13:11:45.733,-27,-379,338
2026-01-26 13:11:45.784,-22,-378,346
2026-01-26 13:11:45.834,-22,-396,341
2026-01-26 13:11:45.882,-17,-377,334
2026-01-26 13:11:45.930,-9,-376,347
2026-01-26 13:11:45.976,-20,-383,350
2026-01-26 13:11:45.977,-11,-379,370
2026-01-26 13:11:46.028,-24,-390,332
2026-01-26 13:11:46.076,-15,-379,346
2026-01-26 13:11:46.125,-12,-377,341
2026-01-26 13:11:46.174,-13,-388,362
2026-01-26 13:11:46.175,-33,-379,343
2026-01-26 13:11:46.220,-20,-384,358
2026-01-26 13:11:46.269,-16,-376,349
2026-01-26 13:11:46.319,-18,-385,344
2026-01-26 13:11:46.370,-22,-376,349
2026-01-26 13:11:46.418,-11,-387,343
2026-01-26 13:11:46.419,-18,-392,355
2026-01-26 13:11:46.468,-4,-392,322
2026-01-26 13:11:46.513,-20,-376,337
2026-01-26 13:11:46.564,-17,-377,334
2026-01-26 13:11:46.612,-18,-377,367
2026-01-26 13:11:46.660,-13,-390,352
2026-01-26 13:11:46.661,-14,-377,359
2026-01-26 13:11:46.709,-20,-388,353
2026-01-26 13:11:46.758,-22,-377,353
2026-01-26 13:11:46.807,-21,-368,335
2026-01-26 13:11:46.857,-14,-381,338
2026-01-26 13:11:46.902,-20,-379,343
2026-01-26 13:11:46.902,-32,-381,355
2026-01-26 13:11:46.953,-21,-387,337
2026-01-26 13:11:47.002,-14,-383,347
2026-01-26 13:11:47.050,-15,-378,328
2026-01-26 13:11:47.100,-16,-389,353
2026-01-26 13:11:47.148,-3,-375,343
2026-01-26 13:11:47.149,-23,-388,338
2026-01-26 13:11:47.198,-23,-383,344
2026-01-26 13:11:47.245,-17,-388,350
2026-01-26 13:11:47.293,-21,-378,349
2026-01-26 13:11:47.341,-13,-378,353
2026-01-26 13:11:47.390,-14,-379,352
2026-01-26 13:11:47.390,-6,-392,353
2026-01-26 13:11:47.492,-11,-387,338
2026-01-26 13:11:47.493,-25,-380,341
2026-01-26 13:11:47.542,-20,-381,335
2026-01-26 13:11:47.587,-15,-384,340
2026-01-26 13:11:47.588,-21,-390,352
2026-01-26 13:11:47.638,-7,-381,352
2026-01-26 13:11:47.684,-27,-376,347
2026-01-26 13:11:47.732,-24,-372,341
2026-01-26 13:11:47.832,-25,-376,353
2026-01-26 13:11:47.833,-8,-377,349
2026-01-26 13:11:47.833,-22,-372,343
2026-01-26 13:11:47.880,-17,-377,344
2026-01-26 13:11:47.929,-16,-380,350
2026-01-26 13:11:47.978,-8,-385,346
2026-01-26 13:11:48.028,-2,-390,350
2026-01-26 13:11:48.075,-17,-380,337
2026-01-26 13:11:48.077,-12,-386,347
2026-01-26 13:11:48.123,-17,-380,334
2026-01-26 13:11:48.172,-22,-389,335
2026-01-26 13:11:48.221,-20,-392,347
2026-01-26 13:11:48.268,-24,-377,353
2026-01-26 13:11:48.317,-9,-372,335
2026-01-26 13:11:48.318,-25,-378,353
2026-01-26 13:11:48.367,-15,-386,347
2026-01-26 13:11:48.415,-24,-385,343
2026-01-26 13:11:48.465,-20,-383,329
2026-01-26 13:11:48.512,-20,-378,343
2026-01-26 13:11:48.562,-24,-389,364
2026-01-26 13:11:48.563,-30,-390,332
2026-01-26 13:11:48.611,-18,-390,341
2026-01-26 13:11:48.662,-12,-392,337
2026-01-26 13:11:48.759,-24,-377,352
2026-01-26 13:11:48.760,-23,-383,344
2026-01-26 13:11:48.806,-14,-378,334
2026-01-26 13:11:48.806,-13,-389,334
2026-01-26 13:11:48.855,-15,-380,340
2026-01-26 13:11:48.904,-23,-388,347
2026-01-26 13:11:48.951,-16,-378,338
2026-01-26 13:11:48.999,-8,-377,338
2026-01-26 13:11:49.000,-6,-386,350
2026-01-26 13:11:49.049,-21,-387,331
2026-01-26 13:11:49.097,-6,-383,346
2026-01-26 13:11:49.145,-18,-380,359
2026-01-26 13:11:49.195,-14,-392,349
2026-01-26 13:11:49.244,-15,-380,338
2026-01-26 13:11:49.246,-13,-377,355
2026-01-26 13:11:49.294,-23,-378,346
2026-01-26 13:11:49.343,-13,-389,331
2026-01-26 13:11:49.392,-22,-385,352
2026-01-26 13:11:49.438,-9,-393,319
2026-01-26 13:11:49.486,-23,-381,350
2026-01-26 13:11:49.487,-16,-378,370
2026-01-26 13:11:49.539,-17,-379,341
2026-01-26 13:11:49.584,-9,-385,340
2026-01-26 13:11:49.635,-18,-380,340
2026-01-26 13:11:49.683,-21,-383,356
2026-01-26 13:11:49.731,-20,-387,349
2026-01-26 13:11:49.732,-17,-383,353
2026-01-26 13:11:49.781,-17,-381,343
2026-01-26 13:11:49.830,-11,-378,355
2026-01-26 13:11:49.878,-12,-377,341
2026-01-26 13:11:49.929,-20,-385,344
2026-01-26 13:11:49.976,-12,-385,347
2026-01-26 13:11:49.977,-16,-375,338
2026-01-26 13:11:50.026,-17,-385,343
2026-01-26 13:11:50.073,-18,-377,341
2026-01-26 13:11:50.123,-16,-381,340
2026-01-26 13:11:50.171,-29,-377,346
2026-01-26 13:11:50.218,-20,-387,356
2026-01-26 13:11:50.219,-22,-380,337
2026-01-26 13:11:50.268,-14,-374,341
2026-01-26 13:11:50.315,-16,-376,350
2026-01-26 13:11:50.364,-15,-385,346
2026-01-26 13:11:50.413,-24,-375,350
2026-01-26 13:11:50.414,-29,-386,353
2026-01-26 13:11:50.466,-25,-375,361
2026-01-26 13:11:50.511,-8,-381,341
2026-01-26 13:11:50.562,-27,-381,331
2026-01-26 13:11:50.610,-15,-374,341
2026-01-26 13:11:50.659,-3,-379,352
2026-01-26 13:11:50.660,-20,-381,370
2026-01-26 13:11:50.707,-15,-380,325
2026-01-26 13:11:50.756,-31,-383,322
2026-01-26 13:11:50.804,-3,-376,328
2026-01-26 13:11:50.853,-11,-377,347
2026-01-26 13:11:50.901,-5,-387,343
2026-01-26 13:11:50.902,-27,-389,346
2026-01-26 13:11:50.949,-22,-379,338
2026-01-26 13:11:50.998,-31,-380,344
2026-01-26 13:11:51.050,-21,-376,350
2026-01-26 13:11:51.097,-16,-377,347
2026-01-26 13:11:51.146,-9,-393,347
2026-01-26 13:11:51.147,-13,-389,343
2026-01-26 13:11:51.195,-13,-384,346
2026-01-26 13:11:51.243,-16,-385,343
2026-01-26 13:11:51.293,-22,-379,356
2026-01-26 13:11:51.342,-25,-385,346
2026-01-26 13:11:51.389,-14,-388,344
2026-01-26 13:11:51.390,-24,-381,344
2026-01-26 13:11:51.439,-27,-379,362
2026-01-26 13:11:51.486,-15,-377,356
2026-01-26 13:11:51.535,-13,-383,349
2026-01-26 13:11:51.586,-23,-383,347
2026-01-26 13:11:51.633,-16,-384,325
2026-01-26 13:11:51.634,-21,-384,343
2026-01-26 13:11:51.680,-12,-386,361
2026-01-26 13:11:51.729,-16,-387,352
2026-01-26 13:11:51.778,-15,-384,332
2026-01-26 13:11:51.829,-15,-375,343
2026-01-26 13:11:51.830,-20,-387,350
2026-01-26 13:11:51.877,-6,-377,322
2026-01-26 13:11:51.925,-18,-388,347
2026-01-26 13:11:51.973,-16,-381,358
2026-01-26 13:11:52.024,-13,-387,353
2026-01-26 13:11:52.071,-23,-371,350
2026-01-26 13:11:52.072,-14,-369,349
2026-01-26 13:11:52.122,-13,-388,349
2026-01-26 13:11:52.169,-13,-381,332
2026-01-26 13:11:52.219,-13,-379,373
2026-01-26 13:11:52.268,-6,-384,344
2026-01-26 13:11:52.315,-20,-384,331
2026-01-26 13:11:52.316,-4,-385,337
2026-01-26 13:11:52.364,-14,-381,358
2026-01-26 13:11:52.412,-17,-384,346
2026-01-26 13:11:52.462,-11,-387,335
2026-01-26 13:11:52.512,-14,-383,332
2026-01-26 13:11:52.560,-7,-386,337
2026-01-26 13:11:52.560,-22,-380,346
2026-01-26 13:11:52.609,-5,-385,335
2026-01-26 13:11:52.657,-20,-381,331
2026-01-26 13:11:52.704,-14,-379,337
2026-01-26 13:11:52.755,-4,-383,340
2026-01-26 13:11:52.802,-11,-385,337
2026-01-26 13:11:52.803,0,-370,343
2026-01-26 13:11:52.851,-12,-394,332
2026-01-26 13:11:52.903,-22,-376,350
2026-01-26 13:11:52.950,-17,-379,356
2026-01-26 13:11:52.999,-15,-388,329
2026-01-26 13:11:53.000,-11,-381,337
2026-01-26 13:11:53.047,-4,-378,334
2026-01-26 13:11:53.095,-8,-374,353
2026-01-26 13:11:53.145,-26,-380,353
2026-01-26 13:11:53.192,-21,-384,347
2026-01-26 13:11:53.242,-34,-385,344
2026-01-26 13:11:53.243,-26,-381,326
2026-01-26 13:11:53.289,-18,-385,332
2026-01-26 13:11:53.338,-26,-385,359
2026-01-26 13:11:53.388,-5,-383,340
2026-01-26 13:11:53.437,-18,-381,353
2026-01-26 13:11:53.485,-13,-386,355
2026-01-26 13:11:53.486,-15,-389,344
2026-01-26 13:11:53.536,-16,-383,341
2026-01-26 13:11:53.584,-17,-384,346
2026-01-26 13:11:53.632,-7,-380,352
2026-01-26 13:11:53.680,-12,-383,350
2026-01-26 13:11:53.729,-14,-384,331
2026-01-26 13:11:53.730,-12,-384,321
2026-01-26 13:11:53.779,-13,-384,341
2026-01-26 13:11:53.826,-8,-389,344
2026-01-26 13:11:53.876,-15,-381,337
2026-01-26 13:11:53.923,-12,-379,350
2026-01-26 13:11:53.972,-24,-386,352
2026-01-26 13:11:53.973,-23,-380,331
2026-01-26 13:11:54.021,-22,-377,326
2026-01-26 13:11:54.071,-16,-384,344
2026-01-26 13:11:54.119,-9,-381,340
2026-01-26 13:11:54.168,-24,-380,358
2026-01-26 13:11:54.216,-17,-378,361
2026-01-26 13:11:54.217,-23,-381,368
2026-01-26 13:11:54.266,-15,-387,344
2026-01-26 13:11:54.316,-12,-387,337
2026-01-26 13:11:54.363,-31,-384,349
2026-01-26 13:11:54.410,-22,-389,349
2026-01-26 13:11:54.460,-17,-381,338
2026-01-26 13:11:54.461,-18,-380,343
2026-01-26 13:11:54.510,-15,-380,343
2026-01-26 13:11:54.558,-6,-385,349
2026-01-26 13:11:54.606,-26,-380,344
2026-01-26 13:11:54.655,-13,-384,328
2026-01-26 13:11:54.656,-14,-377,338
2026-01-26 13:11:54.705,-12,-404,352
2026-01-26 13:11:54.754,-26,-378,350
2026-01-26 13:11:54.801,-15,-383,343
2026-01-26 13:11:54.851,-11,-383,361
2026-01-26 13:11:54.900,-25,-383,346
2026-01-26 13:11:54.901,-13,-379,350
2026-01-26 13:11:54.953,-13,-374,340
2026-01-26 13:11:54.998,-20,-387,338
2026-01-26 13:11:55.046,-9,-374,352
2026-01-26 13:11:55.095,-9,-395,334
2026-01-26 13:11:55.143,-30,-367,335
2026-01-26 13:11:55.143,-9,-381,340
2026-01-26 13:11:55.191,-24,-378,347
2026-01-26 13:11:55.240,-20,-388,331
2026-01-26 13:11:55.291,-20,-378,350
2026-01-26 13:11:55.339,-13,-377,338
2026-01-26 13:11:55.387,-22,-379,343
2026-01-26 13:11:55.388,1,-378,332
2026-01-26 13:11:55.435,-13,-383,335
2026-01-26 13:11:55.483,-18,-383,335
2026-01-26 13:11:55.532,-3,-384,318
2026-01-26 13:11:55.581,-7,-374,337
2026-01-26 13:11:55.630,-14,-384,355
2026-01-26 13:11:55.631,-7,-380,341
2026-01-26 13:11:55.679,-12,-388,343
2026-01-26 13:11:55.728,-12,-376,341
2026-01-26 13:11:55.777,-22,-392,338
2026-01-26 13:11:55.825,-11,-394,338
2026-01-26 13:11:55.826,-16,-387,344
2026-01-26 13:11:55.875,-11,-377,335
2026-01-26 13:11:55.922,0,-386,344
2026-01-26 13:11:55.972,-12,-380,335
2026-01-26 13:11:56.021,-12,-387,352
2026-01-26 13:11:56.068,-12,-386,326
2026-01-26 13:11:56.068,-22,-388,335
2026-01-26 13:11:56.118,-7,-387,346
2026-01-26 13:11:56.167,-12,-386,328
2026-01-26 13:11:56.215,-14,-384,344
2026-01-26 13:11:56.265,-4,-384,361
2026-01-26 13:11:56.312,-4,-387,343
2026-01-26 13:11:56.312,-11,-379,331
2026-01-26 13:11:56.410,-29,-380,334
2026-01-26 13:11:56.411,-13,-385,329
2026-01-26 13:11:56.460,-21,-384,347
2026-01-26 13:11:56.509,-16,-372,340
2026-01-26 13:11:56.557,-4,-390,331
2026-01-26 13:11:56.558,-11,-383,343
2026-01-26 13:11:56.606,-7,-387,337
2026-01-26 13:11:56.654,-23,-388,331
2026-01-26 13:11:56.703,-14,-378,352
2026-01-26 13:11:56.751,-29,-389,343
2026-01-26 13:11:56.801,-14,-393,346
2026-01-26 13:11:56.801,-21,-377,350
2026-01-26 13:11:56.850,-17,-383,343
2026-01-26 13:11:56.899,-23,-387,346
2026-01-26 13:11:56.948,-4,-384,347
2026-01-26 13:11:56.994,-9,-378,341
2026-01-26 13:11:57.096,-9,-381,338
2026-01-26 13:11:57.097,-23,-380,341
2026-01-26 13:11:57.098,-15,-377,329
2026-01-26 13:11:57.142,-20,-389,346
2026-01-26 13:11:57.191,-18,-392,358
2026-01-26 13:11:57.241,-31,-389,353
2026-01-26 13:11:57.242,-15,-390,332
2026-01-26 13:11:57.290,-14,-380,331
2026-01-26 13:11:57.336,-15,-380,344
2026-01-26 13:11:57.386,-11,-396,318
2026-01-26 13:11:57.435,-15,-386,341
2026-01-26 13:11:57.483,-9,-389,350
2026-01-26 13:11:57.484,-16,-374,349
2026-01-26 13:11:57.532,-20,-389,346
2026-01-26 13:11:57.581,-7,-385,364
2026-01-26 13:11:57.629,-14,-386,347
2026-01-26 13:11:57.678,-17,-383,343
2026-01-26 13:11:57.726,-32,-385,346
2026-01-26 13:11:57.727,-17,-390,338
2026-01-26 13:11:57.777,-18,-394,343
2026-01-26 13:11:57.825,-18,-380,344
2026-01-26 13:11:57.872,-11,-381,347
2026-01-26 13:11:57.972,-9,-381,344
2026-01-26 13:11:57.973,-14,-378,373
2026-01-26 13:11:57.973,-8,-385,338
2026-01-26 13:11:58.019,-15,-384,338
2026-01-26 13:11:58.068,-15,-386,335
2026-01-26 13:11:58.116,-17,-380,337
2026-01-26 13:11:58.165,-43,-369,334
2026-01-26 13:11:58.212,-16,-371,347
2026-01-26 13:11:58.213,-17,-384,349
2026-01-26 13:11:58.262,-24,-384,340
2026-01-26 13:11:58.312,-23,-383,346
2026-01-26 13:11:58.358,-15,-384,341
2026-01-26 13:11:58.408,-21,-387,340
2026-01-26 13:11:58.408,-18,-378,346
2026-01-26 13:11:58.455,-4,-389,343
2026-01-26 13:11:58.506,-6,-369,337
2026-01-26 13:11:58.554,-11,-392,349
2026-01-26 13:11:58.654,-23,-387,344
2026-01-26 13:11:58.655,-27,-376,341
2026-01-26 13:11:58.656,-23,-372,346
2026-01-26 13:11:58.701,-18,-371,364
2026-01-26 13:11:58.751,-16,-389,346
2026-01-26 13:11:58.799,-15,-381,358
2026-01-26 13:11:58.849,-11,-368,344
2026-01-26 13:11:58.897,-7,-381,365
2026-01-26 13:11:58.898,4,-357,337
2026-01-26 13:11:58.947,-7,-360,352
2026-01-26 13:11:58.995,3,-441,298
2026-01-26 13:11:59.043,19,-505,262
2026-01-26 13:11:59.091,12,-423,252
2026-01-26 13:11:59.139,-21,-442,273
2026-01-26 13:11:59.140,-12,-403,329
2026-01-26 13:11:59.193,2,-390,285
2026-01-26 13:11:59.239,1,-434,297
2026-01-26 13:11:59.287,6,-441,262
2026-01-26 13:11:59.336,27,-487,220
2026-01-26 13:11:59.383,21,-479,232
2026-01-26 13:11:59.384,9,-445,202
2026-01-26 13:11:59.433,-24,-479,213
2026-01-26 13:11:59.482,6,-474,199
2026-01-26 13:11:59.530,21,-450,216
2026-01-26 13:11:59.580,13,-450,241
2026-01-26 13:11:59.626,0,-475,213
2026-01-26 13:11:59.627,9,-466,214
2026-01-26 13:11:59.677,12,-467,201
2026-01-26 13:11:59.726,-8,-455,205
2026-01-26 13:11:59.776,-13,-473,196
2026-01-26 13:11:59.822,1,-466,207
2026-01-26 13:11:59.822,32,-479,205
2026-01-26 13:11:59.872,20,-477,208
2026-01-26 13:11:59.921,0,-459,214
2026-01-26 13:11:59.971,9,-450,205
2026-01-26 13:12:00.018,21,-474,198
2026-01-26 13:12:00.065,2,-475,201
2026-01-26 13:12:00.066,-8,-470,199
2026-01-26 13:12:00.114,10,-459,237
2026-01-26 13:12:00.163,16,-467,225
2026-01-26 13:12:00.214,-3,-451,214
2026-01-26 13:12:00.261,-6,-470,202
2026-01-26 13:12:00.309,2,-473,213
2026-01-26 13:12:00.310,6,-470,189
2026-01-26 13:12:00.357,21,-469,208
2026-01-26 13:12:00.406,1,-478,223
2026-01-26 13:12:00.456,-5,-461,198
2026-01-26 13:12:00.504,-11,-448,205
2026-01-26 13:12:00.553,13,-506,198
2026-01-26 13:12:00.554,15,-454,207
2026-01-26 13:12:00.706,18,-463,225
2026-01-26 13:12:00.707,-21,-446,219
2026-01-26 13:12:00.708,15,-492,207
2026-01-26 13:12:00.749,18,-472,198
2026-01-26 13:12:00.798,-23,-455,228
2026-01-26 13:12:00.799,15,-479,225
2026-01-26 13:12:00.847,20,-469,196
2026-01-26 13:12:00.896,9,-459,219
2026-01-26 13:12:00.944,11,-443,244
2026-01-26 13:12:00.993,-12,-434,268
2026-01-26 13:12:01.040,-3,-440,241
2026-01-26 13:12:01.040,4,-472,210
2026-01-26 13:12:01.092,2,-441,271
2026-01-26 13:12:01.139,-3,-435,234
2026-01-26 13:12:01.189,0,-456,243
2026-01-26 13:12:01.235,-13,-452,231
2026-01-26 13:12:01.236,-9,-458,247
2026-01-26 13:12:01.286,-7,-452,258
2026-01-26 13:12:01.336,9,-450,243
2026-01-26 13:12:01.384,5,-450,234
2026-01-26 13:12:01.433,-6,-457,249
2026-01-26 13:12:01.483,-5,-451,237
2026-01-26 13:12:01.483,0,-448,241
2026-01-26 13:12:01.530,-7,-452,238
2026-01-26 13:12:01.578,-5,-452,252
2026-01-26 13:12:01.628,4,-448,250
2026-01-26 13:12:01.725,11,-450,240
2026-01-26 13:12:01.727,1,-439,246
2026-01-26 13:12:01.727,7,-422,265
2026-01-26 13:12:01.773,9,-441,280
2026-01-26 13:12:01.822,-5,-430,256
2026-01-26 13:12:01.871,-15,-445,255
2026-01-26 13:12:01.918,13,-429,268
2026-01-26 13:12:01.968,2,-445,280
2026-01-26 13:12:01.969,-8,-461,264
2026-01-26 13:12:02.016,-3,-440,259
2026-01-26 13:12:02.064,-9,-455,270
2026-01-26 13:12:02.114,14,-429,282
2026-01-26 13:12:02.161,0,-444,282
2026-01-26 13:12:02.212,12,-443,282
2026-01-26 13:12:02.213,1,-437,288
2026-01-26 13:12:02.265,2,-420,294
2026-01-26 13:12:02.310,7,-431,276
2026-01-26 13:12:02.359,3,-422,282
2026-01-26 13:12:02.406,7,-440,301
2026-01-26 13:12:02.407,5,-386,304
2026-01-26 13:12:02.501,28,-365,329
2026-01-26 13:12:02.503,18,-394,346
2026-01-26 13:12:02.551,10,-402,322
2026-01-26 13:12:02.602,7,-377,321
2026-01-26 13:12:02.651,7,-393,335
2026-01-26 13:12:02.701,19,-397,337
2026-01-26 13:12:02.702,25,-397,334
2026-01-26 13:12:02.749,7,-390,337
2026-01-26 13:12:02.797,2,-426,312
2026-01-26 13:12:02.846,7,-406,310
2026-01-26 13:12:02.894,10,-378,337
2026-01-26 13:12:02.895,10,-423,303
2026-01-26 13:12:02.943,9,-408,313
2026-01-26 13:12:02.990,16,-397,315
2026-01-26 13:12:03.040,5,-423,337
2026-01-26 13:12:03.089,-3,-372,338
2026-01-26 13:12:03.137,15,-379,343
2026-01-26 13:12:03.138,3,-415,335
2026-01-26 13:12:03.187,5,-395,329
2026-01-26 13:12:03.237,22,-380,341
2026-01-26 13:12:03.284,19,-395,340
2026-01-26 13:12:03.334,24,-414,332
2026-01-26 13:12:03.382,3,-399,316
2026-01-26 13:12:03.383,-6,-401,318
2026-01-26 13:12:03.430,1,-416,321
2026-01-26 13:12:03.480,0,-416,303
2026-01-26 13:12:03.529,1,-415,321
2026-01-26 13:12:03.577,10,-410,316
2026-01-26 13:12:03.625,-5,-403,315
2026-01-26 13:12:03.626,4,-407,304
2026-01-26 13:12:03.673,12,-406,325
2026-01-26 13:12:03.723,21,-406,304
2026-01-26 13:12:03.772,-9,-405,309
2026-01-26 13:12:03.820,4,-422,282
2026-01-26 13:12:03.821,5,-420,291
2026-01-26 13:12:03.869,3,-424,303
2026-01-26 13:12:03.918,11,-407,301
2026-01-26 13:12:03.966,6,-416,306
2026-01-26 13:12:04.015,18,-423,301
2026-01-26 13:12:04.063,11,-426,303
2026-01-26 13:12:04.064,-4,-419,294
2026-01-26 13:12:04.114,5,-421,307
2026-01-26 13:12:04.161,3,-416,297
2026-01-26 13:12:04.211,11,-420,291
2026-01-26 13:12:04.260,4,-416,292
2026-01-26 13:12:04.308,7,-415,291
2026-01-26 13:12:04.309,18,-420,310
2026-01-26 13:12:04.358,-4,-414,291
2026-01-26 13:12:04.407,6,-425,294
2026-01-26 13:12:04.455,15,-430,292
2026-01-26 13:12:04.503,25,-430,297
2026-01-26 13:12:04.551,19,-424,288
2026-01-26 13:12:04.551,16,-424,270
2026-01-26 13:12:04.599,13,-428,285
2026-01-26 13:12:04.649,24,-441,276
2026-01-26 13:12:04.696,-4,-432,271
2026-01-26 13:12:04.797,-24,-410,310
2026-01-26 13:12:04.798,-2,-431,291
2026-01-26 13:12:04.799,36,-423,270
2026-01-26 13:12:04.843,19,-423,316
2026-01-26 13:12:04.893,1,-430,309
2026-01-26 13:12:04.942,-8,-421,318
2026-01-26 13:12:04.991,5,-421,312
2026-01-26 13:12:05.040,24,-425,282
2026-01-26 13:12:05.041,7,-416,297
2026-01-26 13:12:05.089,0,-411,300
2026-01-26 13:12:05.137,10,-425,265
2026-01-26 13:12:05.186,-11,-424,268
2026-01-26 13:12:05.235,15,-420,297
2026-01-26 13:12:05.238,12,-438,291
2026-01-26 13:12:05.282,19,-410,309
2026-01-26 13:12:05.333,16,-432,282
2026-01-26 13:12:05.379,4,-437,291
2026-01-26 13:12:05.430,9,-425,294
2026-01-26 13:12:05.478,-3,-425,283
2026-01-26 13:12:05.479,14,-421,298
2026-01-26 13:12:05.528,-7,-421,295
2026-01-26 13:12:05.576,21,-408,291
2026-01-26 13:12:05.625,9,-413,298
2026-01-26 13:12:05.674,11,-430,307
2026-01-26 13:12:05.821,9,-463,225
2026-01-26 13:12:05.823,-4,-467,237
2026-01-26 13:12:05.823,0,-408,264
2026-01-26 13:12:05.823,31,-429,274
2026-01-26 13:12:05.872,20,-442,286
2026-01-26 13:12:05.917,-2,-438,268
2026-01-26 13:12:05.964,9,-433,268
2026-01-26 13:12:05.964,38,-447,246
2026-01-26 13:12:06.015,3,-475,235
2026-01-26 13:12:06.062,1,-446,247
2026-01-26 13:12:06.112,-21,-439,261
2026-01-26 13:12:06.160,-23,-431,261
2026-01-26 13:12:06.211,-16,-411,289
2026-01-26 13:12:06.212,4,-421,306
2026-01-26 13:12:06.259,15,-441,271
2026-01-26 13:12:06.307,21,-445,247
2026-01-26 13:12:06.354,-7,-445,264
2026-01-26 13:12:06.404,-24,-447,253
2026-01-26 13:12:06.453,-8,-442,259
2026-01-26 13:12:06.453,5,-439,280
2026-01-26 13:12:06.501,4,-433,292
2026-01-26 13:12:06.550,5,-434,258
2026-01-26 13:12:06.598,-11,-434,279
2026-01-26 13:12:06.647,-23,-435,271
2026-01-26 13:12:06.648,-15,-437,273
2026-01-26 13:12:06.698,-3,-440,273
2026-01-26 13:12:06.744,2,-439,283
2026-01-26 13:12:06.793,4,-437,280
2026-01-26 13:12:06.842,-18,-431,276
2026-01-26 13:12:06.893,-5,-438,253
2026-01-26 13:12:06.894,-4,-430,261
2026-01-26 13:12:06.941,-9,-437,283
2026-01-26 13:12:06.990,-9,-437,259
2026-01-26 13:12:07.038,-2,-434,279
2026-01-26 13:12:07.088,-13,-442,276
2026-01-26 13:12:07.133,-8,-437,264
2026-01-26 13:12:07.189,-7,-443,277
2026-01-26 13:12:07.190,-8,-444,264
2026-01-26 13:12:07.232,-9,-435,268
